year,month,day,dep_time,sched_dep_time,dep_delay,arr_time,sched_arr_time,arr_delay,carrier,flight,tailnum,origin,dest,air_time,distance,hour,minute,time_hour
2013,1,2,607,610,-3,859,910,-11,AA,1895,N5ELAA,EWR,MIA,151,1085,6,10,2013-01-02T11:00:00Z
2013,1,2,1727,1720,7,2042,2040,2,UA,784,N438UA,EWR,PDX,351,2434,17,20,2013-01-02T22:00:00Z
2013,1,3,2129,2125,4,2233,2233,0,UA,528,N438UA,EWR,BOS,43,200,21,25,2013-01-04T02:00:00Z
2013,1,4,853,900,-7,1022,1048,-26,UA,673,N438UA,EWR,ORD,117,719,9,0,2013-01-04T14:00:00Z
2013,1,4,1819,1820,-1,2111,2150,-39,AA,119,N3FAAA,EWR,LAX,314,2454,18,20,2013-01-04T23:00:00Z
2013,1,6,1005,1000,5,1301,1321,-20,UA,499,N438UA,EWR,SEA,340,2402,10,0,2013-01-06T15:00:00Z
2013,1,6,1459,1505,-6,1620,1645,-25,WN,1197,N259WN,LGA,MKE,117,738,15,5,2013-01-06T20:00:00Z
2013,1,7,1241,1245,-4,1444,1514,-30,EV,4950,N398CA,EWR,ATL,104,746,12,45,2013-01-07T17:00:00Z
2013,1,9,625,630,-5,1123,1140,-17,AA,413,N3FAAA,JFK,SJU,193,1598,6,30,2013-01-09T11:00:00Z
2013,1,9,658,700,-2,834,839,-5,UA,457,N438UA,LGA,ORD,137,733,7,0,2013-01-09T12:00:00Z
2013,1,9,1008,1015,-7,1314,1340,-26,US,75,N652AW,EWR,PHX,290,2133,10,15,2013-01-09T15:00:00Z
2013,1,10,713,715,-2,1022,1035,-13,AA,825,N3FAAA,JFK,FLL,156,1069,7,15,2013-01-10T12:00:00Z
2013,1,10,1716,1720,-4,1851,1915,-24,AA,1351,N3FAAA,JFK,ORD,126,740,17,20,2013-01-10T22:00:00Z
2013,1,10,1823,1805,18,1941,1935,6,WN,389,N259WN,LGA,MDW,112,725,18,5,2013-01-10T23:00:00Z
2013,1,11,1011,1015,-4,1348,1340,8,US,75,N652AW,EWR,PHX,317,2133,10,15,2013-01-11T15:00:00Z
2013,1,11,1119,1125,-6,1239,1305,-26,AA,327,N3FAAA,LGA,ORD,118,733,11,25,2013-01-11T16:00:00Z
2013,1,11,1753,1800,-7,1911,1939,-28,UA,691,N438UA,LGA,ORD,120,733,18,0,2013-01-11T23:00:00Z
2013,1,11,1859,1900,-1,2038,2051,-13,DL,1255,N370NB,LGA,PIT,61,335,19,0,2013-01-12T00:00:00Z
2013,1,12,1012,1015,-3,1240,1251,-11,DL,1705,N370NB,LGA,MSY,163,1183,10,15,2013-01-12T15:00:00Z
2013,1,12,1350,1355,-5,1535,1615,-40,EV,5469,N398CA,LGA,MEM,143,963,13,55,2013-01-12T18:00:00Z
2013,1,12,1810,1720,50,2049,2033,16,DL,1779,N370NB,LGA,FLL,141,1076,17,20,2013-01-12T22:00:00Z
2013,1,12,1828,1829,-1,2017,2032,-15,US,681,N652AW,EWR,CLT,80,529,18,29,2013-01-12T23:00:00Z
2013,1,12,1854,1700,114,2138,1950,108,AA,575,N5ELAA,JFK,EGE,257,1747,17,0,2013-01-12T22:00:00Z
2013,1,13,807,815,-8,952,1015,-23,US,675,N652AW,EWR,CLT,82,529,8,15,2013-01-13T13:00:00Z
2013,1,13,1334,1240,54,1526,1445,41,DL,1131,N370NB,LGA,DTW,87,502,12,40,2013-01-13T17:00:00Z
2013,1,13,1353,1350,3,1730,1715,15,US,186,N652AW,EWR,PHX,319,2133,13,50,2013-01-13T18:00:00Z
2013,1,14,1725,1725,0,2031,2040,-9,AA,145,N3FAAA,JFK,SAN,349,2446,17,25,2013-01-14T22:00:00Z
2013,1,15,610,615,-5,818,820,-2,US,1791,N703UW,JFK,CLT,104,541,6,15,2013-01-15T11:00:00Z
2013,1,15,1825,1840,-15,2039,2049,-10,DL,2131,N370NB,LGA,DTW,89,502,18,40,2013-01-15T23:00:00Z
2013,1,16,1715,1600,75,2024,1915,69,AA,565,N3FAAA,JFK,DFW,226,1391,16,0,2013-01-16T21:00:00Z
2013,1,17,613,615,-2,827,820,7,US,1791,N703UW,JFK,CLT,111,541,6,15,2013-01-17T11:00:00Z
2013,1,18,538,540,-2,841,850,-9,AA,1141,N5ELAA,JFK,MIA,156,1089,5,40,2013-01-18T10:00:00Z
2013,1,20,738,740,-2,1033,1040,-7,UA,608,N438UA,EWR,TPA,157,997,7,40,2013-01-20T12:00:00Z
2013,1,20,1655,1700,-5,2018,1955,23,AA,257,N3FAAA,JFK,LAS,347,2248,17,0,2013-01-20T22:00:00Z
2013,1,20,1849,1815,34,2046,2032,14,EV,5054,N398CA,EWR,MSP,158,1008,18,15,2013-01-20T23:00:00Z
2013,1,22,1131,1015,76,1444,1340,64,US,75,N652AW,EWR,PHX,292,2133,10,15,2013-01-22T15:00:00Z
2013,1,22,1239,1250,-11,1428,1449,-21,EV,4893,N398CA,EWR,DTW,92,488,12,50,2013-01-22T17:00:00Z
2013,1,23,930,845,45,1113,1057,16,US,1429,N703UW,LGA,CLT,86,544,8,45,2013-01-23T13:00:00Z
2013,1,23,1353,1359,-6,1530,1533,-3,UA,683,N438UA,EWR,ORD,128,719,13,59,2013-01-23T18:00:00Z
2013,1,23,1432,1435,-3,1703,1701,2,DL,1344,N370NB,LGA,MCI,183,1107,14,35,2013-01-23T19:00:00Z
2013,1,24,809,700,69,1056,952,64,DL,2285,N370NB,LGA,MCO,137,950,7,0,2013-01-24T12:00:00Z
2013,1,24,1509,1350,79,1722,1628,54,DL,1705,N370NB,LGA,MSY,161,1183,13,50,2013-01-24T18:00:00Z
2013,1,24,1517,1444,33,1759,1802,-3,UA,750,N438UA,EWR,AUS,198,1504,14,44,2013-01-24T19:00:00Z
2013,1,25,1256,1240,16,1553,1555,-2,AA,2041,N5ELAA,JFK,MIA,154,1089,12,40,2013-01-25T17:00:00Z
2013,1,25,1457,1446,11,1745,1757,-12,UA,337,N438UA,LGA,IAH,199,1416,14,46,2013-01-25T19:00:00Z
2013,1,26,800,800,0,1024,1035,-11,UA,369,N438UA,LGA,DEN,243,1620,8,0,2013-01-26T13:00:00Z
2013,1,27,622,625,-3,910,937,-27,UA,304,N438UA,LGA,IAH,207,1416,6,25,2013-01-27T11:00:00Z
2013,1,27,959,959,0,1338,1333,5,US,338,N652AW,JFK,PHX,309,2153,9,59,2013-01-27T14:00:00Z
2013,1,27,1134,1140,-6,1428,1450,-22,DL,930,N370NB,LGA,FLL,152,1076,11,40,2013-01-27T16:00:00Z
2013,1,27,1910,1910,0,2152,2204,-12,UA,347,N438UA,EWR,LAS,304,2227,19,10,2013-01-28T00:00:00Z
2013,1,27,1923,1925,-2,2221,2235,-14,DL,2370,N370NB,LGA,PBI,136,1035,19,25,2013-01-28T00:00:00Z
2013,1,28,605,610,-5,855,910,-15,AA,1895,N5ELAA,EWR,MIA,146,1085,6,10,2013-01-28T11:00:00Z
2013,1,28,958,959,-1,1347,1333,14,US,450,N652AW,JFK,PHX,312,2153,9,59,2013-01-28T14:00:00Z
2013,1,28,1135,1145,-10,1431,1453,-22,DL,1174,N370NB,LGA,PBI,142,1035,11,45,2013-01-28T16:00:00Z
2013,1,28,1917,1930,-13,2146,2213,-27,DL,1715,N370NB,LGA,MSY,167,1183,19,30,2013-01-29T00:00:00Z
2013,1,28,NA,1134,NA,NA,1345,NA,DL,2219,N370NB,LGA,MSP,NA,1020,11,34,2013-01-28T16:00:00Z
2013,1,29,1133,1140,-7,1423,1450,-27,DL,930,N370NB,LGA,FLL,146,1076,11,40,2013-01-29T16:00:00Z
2013,1,29,1814,1820,-6,2136,2150,-14,AA,119,N3FAAA,EWR,LAX,352,2454,18,20,2013-01-29T23:00:00Z
2013,1,29,1914,1900,14,2040,2051,-11,DL,1255,N370NB,LGA,PIT,58,335,19,0,2013-01-30T00:00:00Z
2013,1,30,857,905,-8,1209,1226,-17,DL,2379,N370NB,LGA,FLL,153,1076,9,5,2013-01-30T14:00:00Z
2013,1,30,1902,1720,102,2215,2033,102,DL,1779,N370NB,LGA,FLL,162,1076,17,20,2013-01-30T22:00:00Z
2013,1,30,NA,1645,NA,NA,1853,NA,EV,4997,N398CA,EWR,DTW,NA,488,16,45,2013-01-30T21:00:00Z
2013,1,31,540,540,0,851,850,1,AA,1141,N5ELAA,JFK,MIA,165,1089,5,40,2013-01-31T10:00:00Z
2013,1,31,939,940,-1,1302,1250,12,AA,1871,N3FAAA,LGA,MIA,164,1096,9,40,2013-01-31T14:00:00Z
2013,1,31,1435,1435,0,1750,1742,8,DL,1902,N370NB,LGA,PBI,172,1035,14,35,2013-01-31T19:00:00Z
2013,1,31,1912,1810,62,2232,2130,62,AA,1611,N3FAAA,LGA,MIA,170,1096,18,10,2013-01-31T23:00:00Z
2013,10,1,1447,1455,-8,1617,1640,-23,MQ,3359,N813MQ,JFK,RDU,63,427,14,55,2013-10-01T18:00:00Z
2013,10,1,1543,1545,-2,1702,1721,-19,EV,5293,N398CA,LGA,ORF,46,296,15,45,2013-10-01T19:00:00Z
2013,10,1,1614,1619,-5,1806,1839,-33,UA,485,N438UA,EWR,DEN,212,1605,16,19,2013-10-01T20:00:00Z
2013,10,1,1936,1940,-4,2117,2125,-8,MQ,3374,N813MQ,JFK,RDU,64,427,19,40,2013-10-01T23:00:00Z
2013,10,2,802,810,-8,926,955,-29,MQ,3272,N813MQ,LGA,CLE,66,419,8,10,2013-10-02T12:00:00Z
2013,10,2,1111,1029,42,1300,1239,21,US,604,N652AW,EWR,PHX,276,2133,10,29,2013-10-02T14:00:00Z
2013,10,2,1319,1329,-10,1515,1529,-14,MQ,3340,N813MQ,LGA,DTW,81,502,13,29,2013-10-02T17:00:00Z
2013,10,2,1858,1900,-2,2043,2040,3,MQ,3591,N813MQ,LGA,RDU,62,431,19,0,2013-10-02T23:00:00Z
2013,10,3,753,755,-2,926,935,-9,MQ,3363,N813MQ,JFK,RDU,69,427,7,55,2013-10-03T11:00:00Z
2013,10,3,907,915,-8,1131,1154,-23,EV,5211,N398CA,LGA,SAV,103,722,9,15,2013-10-03T13:00:00Z
2013,10,3,1218,1220,-2,1346,1355,-9,MQ,3361,N813MQ,JFK,RDU,68,427,12,20,2013-10-03T16:00:00Z
2013,10,3,1245,1245,0,1533,1600,-27,AA,1697,N5ELAA,JFK,MIA,144,1089,12,45,2013-10-03T16:00:00Z
2013,10,3,1744,1710,34,1852,1835,17,MQ,3365,N813MQ,JFK,DCA,47,213,17,10,2013-10-03T21:00:00Z
2013,10,4,1020,1029,-9,1235,1239,-4,US,604,N652AW,EWR,PHX,292,2133,10,29,2013-10-04T14:00:00Z
2013,10,4,1446,1455,-9,1621,1640,-19,MQ,3359,N813MQ,JFK,RDU,67,427,14,55,2013-10-04T18:00:00Z
2013,10,4,1657,1700,-3,1938,1958,-20,DL,1585,N370NB,LGA,MCO,121,950,17,0,2013-10-04T21:00:00Z
2013,10,4,1911,1905,6,2101,2038,23,EV,5383,N398CA,LGA,ROC,58,254,19,5,2013-10-04T23:00:00Z
2013,10,4,1931,1940,-9,2109,2125,-16,MQ,3374,N813MQ,JFK,RDU,66,427,19,40,2013-10-04T23:00:00Z
2013,10,5,551,600,-9,712,730,-18,UA,654,N438UA,EWR,ORD,112,719,6,0,2013-10-05T10:00:00Z
2013,10,5,804,755,9,927,935,-8,MQ,3363,N813MQ,JFK,RDU,63,427,7,55,2013-10-05T11:00:00Z
2013,10,5,1210,1200,10,1511,1515,-4,AA,1256,N3FAAA,LGA,MIA,140,1096,12,0,2013-10-05T16:00:00Z
2013,10,5,1217,1220,-3,1341,1355,-14,MQ,3361,N813MQ,JFK,RDU,63,427,12,20,2013-10-05T16:00:00Z
2013,10,5,1714,1710,4,1817,1835,-18,MQ,3365,N813MQ,JFK,DCA,39,213,17,10,2013-10-05T21:00:00Z
2013,10,5,2134,2140,-6,2229,2255,-26,MQ,3621,N813MQ,JFK,DCA,40,213,21,40,2013-10-06T01:00:00Z
2013,10,6,838,845,-7,1130,1146,-16,UA,207,N438UA,LGA,IAH,196,1416,8,45,2013-10-06T12:00:00Z
2013,10,6,912,910,2,1222,1215,7,AA,1121,N3FAAA,LGA,DFW,198,1389,9,10,2013-10-06T13:00:00Z
2013,10,6,1025,720,185,1206,919,167,DL,831,N370NB,LGA,DTW,76,502,7,20,2013-10-06T11:00:00Z
2013,10,6,1307,1310,-3,1509,1526,-17,EV,5283,N398CA,LGA,CVG,98,585,13,10,2013-10-06T17:00:00Z
2013,10,6,1816,1815,1,2113,2135,-22,AA,1611,N3FAAA,LGA,MIA,145,1096,18,15,2013-10-06T22:00:00Z
2013,10,7,855,810,45,1046,955,51,MQ,3272,N813MQ,LGA,CLE,71,419,8,10,2013-10-07T12:00:00Z
2013,10,7,912,915,-3,1138,1154,-16,EV,5211,N398CA,LGA,SAV,106,722,9,15,2013-10-07T13:00:00Z
2013,10,7,1856,1900,-4,2025,2040,-15,MQ,3591,N813MQ,LGA,RDU,69,431,19,0,2013-10-07T23:00:00Z
2013,10,8,1026,1029,-3,1219,1239,-20,US,604,N652AW,EWR,PHX,275,2133,10,29,2013-10-08T14:00:00Z
2013,10,9,845,850,-5,944,1006,-22,DL,2445,N370NB,JFK,BOS,37,187,8,50,2013-10-09T12:00:00Z
2013,10,10,714,705,9,829,845,-16,WN,1265,N259WN,EWR,STL,121,872,7,5,2013-10-10T11:00:00Z
2013,10,10,1351,1300,51,1543,1450,53,MQ,3388,N813MQ,LGA,CMH,75,479,13,0,2013-10-10T17:00:00Z
2013,10,10,1851,1730,81,2040,1926,74,US,687,N652AW,EWR,CLT,79,529,17,30,2013-10-10T21:00:00Z
2013,10,10,1859,1900,-1,2036,2040,-4,MQ,3591,N813MQ,LGA,RDU,73,431,19,0,2013-10-10T23:00:00Z
2013,10,10,NA,1220,NA,NA,1355,NA,MQ,3361,N813MQ,JFK,RDU,NA,427,12,20,2013-10-10T16:00:00Z
2013,10,11,754,755,-1,933,935,-2,MQ,3363,N813MQ,JFK,RDU,72,427,7,55,2013-10-11T11:00:00Z
2013,10,11,1215,1220,-5,1351,1355,-4,MQ,3361,N813MQ,JFK,RDU,76,427,12,20,2013-10-11T16:00:00Z
2013,10,11,1412,1355,17,1611,1602,9,US,686,N652AW,EWR,PHX,280,2133,13,55,2013-10-11T17:00:00Z
2013,10,11,1502,1455,7,1741,1759,-18,DL,1935,N370NB,LGA,TPA,134,1010,14,55,2013-10-11T18:00:00Z
2013,10,11,1919,1710,129,2032,1835,117,MQ,3365,N813MQ,JFK,DCA,48,213,17,10,2013-10-11T21:00:00Z
2013,10,11,2240,2028,132,130,2339,111,UA,306,N438UA,EWR,MIA,134,1085,20,28,2013-10-12T00:00:00Z
2013,10,11,2331,2140,111,31,2255,96,MQ,3621,N813MQ,JFK,DCA,39,213,21,40,2013-10-12T01:00:00Z
2013,10,12,725,730,-5,902,927,-25,DL,831,N370NB,LGA,DTW,77,502,7,30,2013-10-12T11:00:00Z
2013,10,12,755,755,0,855,910,-15,MQ,3370,N813MQ,JFK,DCA,38,213,7,55,2013-10-12T11:00:00Z
2013,10,12,1153,1159,-6,1251,1309,-18,MQ,3386,N813MQ,JFK,DCA,43,213,11,59,2013-10-12T15:00:00Z
2013,10,13,802,810,-8,933,955,-22,MQ,3272,N813MQ,LGA,CLE,64,419,8,10,2013-10-13T12:00:00Z
2013,10,13,835,840,-5,1054,1105,-11,UA,447,N438UA,EWR,PHX,292,2133,8,40,2013-10-13T12:00:00Z
2013,10,13,1325,1329,-4,1534,1529,5,MQ,3340,N813MQ,LGA,DTW,83,502,13,29,2013-10-13T17:00:00Z
2013,10,13,1614,1625,-11,1818,1841,-23,EV,5601,N398CA,LGA,CLT,82,544,16,25,2013-10-13T20:00:00Z
2013,10,13,1856,1900,-4,2034,2040,-6,MQ,3591,N813MQ,LGA,RDU,70,431,19,0,2013-10-13T23:00:00Z
2013,10,13,2237,2159,38,3,2327,36,EV,5311,N398CA,LGA,BGR,54,378,21,59,2013-10-14T01:00:00Z
2013,10,14,802,805,-3,951,1000,-9,EV,5242,N398CA,LGA,GSO,70,461,8,5,2013-10-14T12:00:00Z
2013,10,14,820,825,-5,1014,1023,-9,US,409,N652AW,EWR,CLT,87,529,8,25,2013-10-14T12:00:00Z
2013,10,14,1255,1259,-4,1505,1512,-7,EV,5207,N398CA,LGA,CLT,88,544,12,59,2013-10-14T16:00:00Z
2013,10,14,1839,1845,-6,1950,2029,-39,EV,5274,N398CA,LGA,BNA,111,764,18,45,2013-10-14T22:00:00Z
2013,10,15,754,755,-1,928,935,-7,MQ,3363,N813MQ,JFK,RDU,72,427,7,55,2013-10-15T11:00:00Z
2013,10,15,1109,1115,-6,1242,1300,-18,EV,5273,N398CA,LGA,PIT,54,335,11,15,2013-10-15T15:00:00Z
2013,10,15,1720,1700,20,1932,1855,37,AA,199,N3FAAA,JFK,ORD,122,740,17,0,2013-10-15T21:00:00Z
2013,10,15,NA,2140,NA,NA,2255,NA,MQ,3621,N813MQ,JFK,DCA,NA,213,21,40,2013-10-16T01:00:00Z
2013,10,16,854,840,14,1110,1020,50,MQ,3531,N813MQ,LGA,RDU,80,431,8,40,2013-10-16T12:00:00Z
2013,10,16,1022,1029,-7,1246,1239,7,US,604,N652AW,EWR,PHX,306,2133,10,29,2013-10-16T14:00:00Z
2013,10,16,1354,1329,25,1605,1529,36,MQ,3340,N813MQ,LGA,DTW,83,502,13,29,2013-10-16T17:00:00Z
2013,10,16,1454,1502,-8,1716,1724,-8,EV,5199,N398CA,LGA,CHS,94,641,15,2,2013-10-16T19:00:00Z
2013,10,16,2029,2035,-6,2309,2340,-31,UA,288,N438UA,EWR,FLL,141,1065,20,35,2013-10-17T00:00:00Z
2013,10,16,2053,2057,-4,2208,2236,-28,EV,5048,N398CA,LGA,RIC,57,292,20,57,2013-10-17T00:00:00Z
2013,10,17,836,845,-9,950,1030,-40,EV,5288,N398CA,LGA,BUF,48,292,8,45,2013-10-17T12:00:00Z
2013,10,17,1224,1229,-5,1454,1458,-4,UA,352,N438UA,EWR,LAS,310,2227,12,29,2013-10-17T16:00:00Z
2013,10,17,1314,1310,4,1528,1517,11,EV,5299,N398CA,LGA,MEM,157,963,13,10,2013-10-17T17:00:00Z
2013,10,19,1251,1300,-9,1428,1435,-7,WN,760,N259WN,LGA,BNA,137,764,13,0,2013-10-19T17:00:00Z
2013,10,20,804,807,-3,1054,1056,-2,UA,354,N438UA,EWR,TPA,150,997,8,7,2013-10-20T12:00:00Z
2013,10,20,1724,1729,-5,2029,2031,-2,UA,312,N438UA,EWR,SAN,315,2425,17,29,2013-10-20T21:00:00Z
2013,10,22,835,845,-10,1031,1053,-22,US,2071,N703UW,LGA,CLT,93,544,8,45,2013-10-22T12:00:00Z
2013,10,22,1101,1110,-9,1401,1430,-29,AA,1599,N3FAAA,LGA,MIA,157,1096,11,10,2013-10-22T15:00:00Z
2013,10,22,1904,1910,-6,2201,2210,-9,AA,1193,N3FAAA,LGA,DFW,203,1389,19,10,2013-10-22T23:00:00Z
2013,10,23,757,800,-3,934,918,16,US,2171,N703UW,LGA,DCA,53,214,8,0,2013-10-23T12:00:00Z
2013,10,23,1050,1059,-9,1244,1254,-10,MQ,3281,N813MQ,LGA,CMH,82,479,10,59,2013-10-23T14:00:00Z
2013,10,23,1228,1200,28,1400,1317,43,US,2179,N703UW,LGA,DCA,53,214,12,0,2013-10-23T16:00:00Z
2013,10,23,1612,1625,-13,1851,1841,10,EV,5601,N398CA,LGA,CLT,93,544,16,25,2013-10-23T20:00:00Z
2013,10,23,1615,1600,15,1806,1720,46,US,2187,N703UW,LGA,DCA,45,214,16,0,2013-10-23T20:00:00Z
2013,10,23,1656,1700,-4,2016,1958,18,DL,1585,N370NB,LGA,MCO,143,950,17,0,2013-10-23T21:00:00Z
2013,10,23,2031,2000,31,2221,2120,61,US,2195,N703UW,LGA,DCA,47,214,20,0,2013-10-24T00:00:00Z
2013,10,23,2152,2159,-7,2303,2327,-24,EV,5311,N398CA,LGA,BGR,49,378,21,59,2013-10-24T01:00:00Z
2013,10,24,810,810,0,957,954,3,EV,5463,N398CA,LGA,BNA,126,764,8,10,2013-10-24T12:00:00Z
2013,10,24,1044,1045,-1,1355,1359,-4,DL,954,N370NB,LGA,FLL,167,1076,10,45,2013-10-24T14:00:00Z
2013,10,24,1451,1455,-4,1640,1640,0,MQ,3359,N813MQ,JFK,RDU,83,427,14,55,2013-10-24T18:00:00Z
2013,10,24,1514,1500,14,1734,1716,18,EV,4978,N398CA,LGA,CLT,93,544,15,0,2013-10-24T19:00:00Z
2013,10,24,1545,1545,0,1721,1705,16,AA,256,N3FAAA,JFK,BOS,46,187,15,45,2013-10-24T19:00:00Z
2013,10,24,1918,1925,-7,2232,2227,5,DL,1435,N370NB,LGA,TPA,159,1010,19,25,2013-10-24T23:00:00Z
2013,10,24,1932,1940,-8,2106,2125,-19,MQ,3374,N813MQ,JFK,RDU,75,427,19,40,2013-10-24T23:00:00Z
2013,10,24,2024,2025,-1,2129,2140,-11,AA,2314,N3FAAA,JFK,BOS,43,187,20,25,2013-10-25T00:00:00Z
2013,10,24,2036,2030,6,2248,2251,-3,EV,5209,N398CA,LGA,CHS,107,641,20,30,2013-10-25T00:00:00Z
2013,10,25,750,755,-5,907,910,-3,MQ,3370,N813MQ,JFK,DCA,52,213,7,55,2013-10-25T11:00:00Z
2013,10,25,848,855,-7,1011,1033,-22,EV,5220,N398CA,LGA,ROC,44,254,8,55,2013-10-25T12:00:00Z
2013,10,25,1054,1100,-6,1228,1309,-41,DL,2452,N370NB,LGA,DTW,77,502,11,0,2013-10-25T15:00:00Z
2013,10,25,1151,1159,-8,1255,1309,-14,MQ,3386,N813MQ,JFK,DCA,45,213,11,59,2013-10-25T15:00:00Z
2013,10,25,1323,1310,13,1513,1517,-4,EV,5299,N398CA,LGA,MEM,127,963,13,10,2013-10-25T17:00:00Z
2013,10,29,703,710,-7,947,1000,-13,AA,2493,N5ELAA,JFK,MCO,127,944,7,10,2013-10-29T11:00:00Z
2013,10,29,724,730,-6,918,929,-11,DL,831,N370NB,LGA,DTW,92,502,7,30,2013-10-29T11:00:00Z
2013,10,29,1653,1700,-7,2009,1945,24,AA,45,N5ELAA,JFK,LAS,346,2248,17,0,2013-10-29T21:00:00Z
2013,10,29,1727,1730,-3,1920,1926,-6,US,687,N652AW,EWR,CLT,83,529,17,30,2013-10-29T21:00:00Z
2013,10,30,1657,1700,-3,1934,1958,-24,DL,1585,N370NB,LGA,MCO,126,950,17,0,2013-10-30T21:00:00Z
2013,10,31,542,545,-3,818,855,-37,AA,2243,N5ELAA,JFK,MIA,136,1089,5,45,2013-10-31T09:00:00Z
2013,10,31,815,820,-5,1014,1021,-7,US,409,N652AW,EWR,CLT,80,529,8,20,2013-10-31T12:00:00Z
2013,10,31,1057,1100,-3,1304,1305,-1,DL,2452,N370NB,LGA,DTW,92,502,11,0,2013-10-31T15:00:00Z
2013,11,1,NA,1350,NA,NA,1526,NA,EV,5181,N398CA,LGA,MSN,NA,812,13,50,2013-11-01T17:00:00Z
2013,11,2,1541,1545,-4,1641,1705,-24,AA,256,N3FAAA,JFK,BOS,31,187,15,45,2013-11-02T19:00:00Z
2013,11,2,1617,1625,-8,1937,1949,-12,DL,1373,N370NB,JFK,MIA,162,1089,16,25,2013-11-02T20:00:00Z
2013,11,3,818,825,-7,917,935,-18,AA,84,N3FAAA,JFK,BOS,33,187,8,25,2013-11-03T13:00:00Z
2013,11,3,1244,1250,-6,1334,1400,-26,AA,178,N3FAAA,JFK,BOS,33,187,12,50,2013-11-03T17:00:00Z
2013,11,3,1439,1440,-1,1630,1639,-9,DL,1231,N370NB,LGA,DTW,81,502,14,40,2013-11-03T19:00:00Z
2013,11,4,559,600,-1,748,756,-8,DL,1517,N370NB,EWR,DTW,83,488,6,0,2013-11-04T11:00:00Z
2013,11,4,752,755,-3,902,910,-8,MQ,3370,N813MQ,JFK,DCA,40,213,7,55,2013-11-04T12:00:00Z
2013,11,4,1154,1159,-5,1257,1309,-12,MQ,3386,N813MQ,JFK,DCA,43,213,11,59,2013-11-04T16:00:00Z
2013,11,4,1629,1635,-6,1825,1810,15,EV,5293,N398CA,LGA,ORF,53,296,16,35,2013-11-04T21:00:00Z
2013,11,5,1320,1326,-6,1501,1524,-23,EV,5437,N398CA,LGA,CMH,76,479,13,26,2013-11-05T18:00:00Z
2013,11,5,1515,1515,0,1803,1804,-1,UA,761,N438UA,EWR,TPA,139,997,15,15,2013-11-05T20:00:00Z
2013,11,5,1835,1845,-10,1951,2026,-35,EV,5274,N398CA,LGA,BNA,114,764,18,45,2013-11-05T23:00:00Z
2013,11,6,1113,1115,-2,1243,1252,-9,EV,5273,N398CA,LGA,PIT,57,335,11,15,2013-11-06T16:00:00Z
2013,11,6,1452,1455,-3,1623,1640,-17,MQ,3359,N813MQ,JFK,RDU,74,427,14,55,2013-11-06T19:00:00Z
2013,11,6,1933,1940,-7,2117,2125,-8,MQ,3374,N813MQ,JFK,RDU,72,427,19,40,2013-11-07T00:00:00Z
2013,11,7,2133,2140,-7,2257,2255,2,MQ,3621,N813MQ,JFK,DCA,44,213,21,40,2013-11-08T02:00:00Z
2013,11,8,755,755,0,921,910,11,MQ,3370,N813MQ,JFK,DCA,60,213,7,55,2013-11-08T12:00:00Z
2013,11,8,840,843,-3,1044,1051,-7,US,2071,N703UW,LGA,CLT,104,544,8,43,2013-11-08T13:00:00Z
2013,11,8,1058,1100,-2,1245,1253,-8,EV,5417,N398CA,EWR,DTW,87,488,11,0,2013-11-08T16:00:00Z
2013,11,8,1156,1159,-3,1312,1309,3,MQ,3386,N813MQ,JFK,DCA,57,213,11,59,2013-11-08T16:00:00Z
2013,11,11,755,755,0,931,935,-4,MQ,3363,N813MQ,JFK,RDU,69,427,7,55,2013-11-11T12:00:00Z
2013,11,11,934,940,-6,1127,1157,-30,EV,4880,N398CA,LGA,MEM,136,963,9,40,2013-11-11T14:00:00Z
2013,11,11,1230,1220,10,1404,1355,9,MQ,3361,N813MQ,JFK,RDU,73,427,12,20,2013-11-11T17:00:00Z
2013,11,11,1703,1710,-7,1803,1835,-32,MQ,3365,N813MQ,JFK,DCA,43,213,17,10,2013-11-11T22:00:00Z
2013,11,11,2133,2140,-7,2242,2255,-13,MQ,3621,N813MQ,JFK,DCA,46,213,21,40,2013-11-12T02:00:00Z
2013,11,12,1155,1200,-5,1417,1424,-7,EV,5333,N398CA,LGA,CHS,100,641,12,0,2013-11-12T17:00:00Z
2013,11,12,1754,1800,-6,1942,1944,-2,EV,5451,N398CA,LGA,PIT,57,335,18,0,2013-11-12T23:00:00Z
2013,11,12,1825,1755,30,2050,1930,80,MQ,3301,N813MQ,LGA,RDU,82,431,17,55,2013-11-12T22:00:00Z
2013,11,13,603,615,-12,731,750,-19,MQ,3525,N813MQ,LGA,RDU,68,431,6,15,2013-11-13T11:00:00Z
2013,11,13,907,910,-3,1135,1130,5,EV,5443,N398CA,LGA,CLT,78,544,9,10,2013-11-13T14:00:00Z
2013,11,13,1500,1505,-5,1706,1655,11,MQ,3391,N813MQ,LGA,CMH,70,479,15,5,2013-11-13T20:00:00Z
2013,11,13,1941,1950,-9,2141,2140,1,MQ,3573,N813MQ,LGA,CMH,70,479,19,50,2013-11-14T00:00:00Z
2013,11,14,1012,1015,-3,1312,1342,-30,US,604,N652AW,EWR,PHX,285,2133,10,15,2013-11-14T15:00:00Z
2013,11,14,1157,1200,-3,1432,1424,8,EV,5333,N398CA,LGA,CHS,105,641,12,0,2013-11-14T17:00:00Z
2013,11,14,1159,1205,-6,1333,1350,-17,MQ,3404,N813MQ,LGA,RDU,66,431,12,5,2013-11-14T17:00:00Z
2013,11,14,1749,1800,-11,1905,1944,-39,EV,5451,N398CA,LGA,PIT,56,335,18,0,2013-11-14T23:00:00Z
2013,11,14,2128,2140,-12,2237,2255,-18,MQ,3621,N813MQ,JFK,DCA,40,213,21,40,2013-11-15T02:00:00Z
2013,11,15,750,755,-5,856,910,-14,MQ,3370,N813MQ,JFK,DCA,42,213,7,55,2013-11-15T12:00:00Z
2013,11,15,805,805,0,1101,1105,-4,DL,2395,N370NB,LGA,PBI,150,1035,8,5,2013-11-15T13:00:00Z
2013,11,15,843,845,-2,1142,1206,-24,EV,4935,N398CA,LGA,SRQ,157,1047,8,45,2013-11-15T13:00:00Z
2013,11,15,1154,1159,-5,1301,1309,-8,MQ,3386,N813MQ,JFK,DCA,46,213,11,59,2013-11-15T16:00:00Z
2013,11,15,1529,1520,9,1848,1839,9,DL,1982,N370NB,LGA,MIA,166,1096,15,20,2013-11-15T20:00:00Z
2013,11,15,1552,1555,-3,1737,1740,-3,EV,5091,N398CA,LGA,PIT,60,335,15,55,2013-11-15T20:00:00Z
2013,11,15,1739,1730,9,1930,1928,2,US,687,N652AW,EWR,CLT,87,529,17,30,2013-11-15T22:00:00Z
2013,11,16,547,545,2,840,855,-15,AA,2243,N5ELAA,JFK,MIA,146,1089,5,45,2013-11-16T10:00:00Z
2013,11,16,958,1000,-2,1257,1236,21,DL,761,N370NB,LGA,DEN,248,1620,10,0,2013-11-16T15:00:00Z
2013,11,16,1350,1355,-5,1720,1715,5,US,686,N652AW,EWR,PHX,309,2133,13,55,2013-11-16T18:00:00Z
2013,11,17,1154,1159,-5,1256,1309,-13,MQ,3386,N813MQ,JFK,DCA,41,213,11,59,2013-11-17T16:00:00Z
2013,11,18,556,600,-4,702,659,3,US,2167,N703UW,LGA,DCA,41,214,6,0,2013-11-18T11:00:00Z
2013,11,18,949,1000,-11,1059,1120,-21,US,2175,N703UW,LGA,DCA,45,214,10,0,2013-11-18T15:00:00Z
2013,11,18,955,1000,-5,1120,1136,-16,UA,673,N438UA,LGA,ORD,118,733,10,0,2013-11-18T15:00:00Z
2013,11,18,1130,1130,0,1304,1326,-22,EV,5373,N398CA,LGA,GSO,74,461,11,30,2013-11-18T16:00:00Z
2013,11,18,1151,1159,-8,1253,1309,-16,MQ,3386,N813MQ,JFK,DCA,46,213,11,59,2013-11-18T16:00:00Z
2013,11,18,1354,1400,-6,1501,1515,-14,US,2183,N703UW,LGA,DCA,43,214,14,0,2013-11-18T19:00:00Z
2013,11,19,1423,1429,-6,1627,1628,-1,DL,1819,N370NB,LGA,MSP,159,1020,14,29,2013-11-19T19:00:00Z
2013,11,21,1452,1455,-3,1633,1650,-17,MQ,3359,N813MQ,JFK,RDU,72,427,14,55,2013-11-21T19:00:00Z
2013,11,21,1944,1945,-1,2115,2130,-15,MQ,3374,N813MQ,JFK,RDU,66,427,19,45,2013-11-22T00:00:00Z
2013,11,21,2053,2100,-7,2201,2214,-13,US,2197,N703UW,LGA,DCA,41,214,21,0,2013-11-22T02:00:00Z
2013,11,22,804,805,-1,942,945,-3,MQ,3531,N813MQ,LGA,RDU,71,431,8,5,2013-11-22T13:00:00Z
2013,11,22,1219,1220,-1,1357,1400,-3,MQ,3361,N813MQ,JFK,RDU,72,427,12,20,2013-11-22T17:00:00Z
2013,11,22,1624,1630,-6,2009,1957,12,US,516,N652AW,EWR,PHX,316,2133,16,30,2013-11-22T21:00:00Z
2013,11,22,2013,1905,68,2224,2131,53,EV,5383,N398CA,LGA,SBN,110,651,19,5,2013-11-23T00:00:00Z
2013,11,24,1503,1455,8,1708,1650,18,MQ,3359,N813MQ,JFK,RDU,72,427,14,55,2013-11-24T19:00:00Z
2013,11,24,1750,1800,-10,1929,1944,-15,EV,5451,N398CA,LGA,PIT,58,335,18,0,2013-11-24T23:00:00Z
2013,11,24,2224,2100,84,2332,2239,53,EV,5048,N398CA,LGA,RIC,48,292,21,0,2013-11-25T02:00:00Z
2013,11,25,2123,2130,-7,2236,2245,-9,MQ,3621,N813MQ,JFK,DCA,44,213,21,30,2013-11-26T02:00:00Z
2013,11,26,823,825,-2,954,1010,-16,MQ,3363,N813MQ,JFK,RDU,75,427,8,25,2013-11-26T13:00:00Z
2013,11,26,1627,1630,-3,1947,1957,-10,US,516,N652AW,EWR,PHX,302,2133,16,30,2013-11-26T21:00:00Z
2013,11,26,1755,1800,-5,1927,1935,-8,MQ,3486,N813MQ,LGA,BNA,133,764,18,0,2013-11-26T23:00:00Z
2013,11,26,1906,1900,6,2053,2035,18,UA,693,N438UA,LGA,ORD,120,733,19,0,2013-11-27T00:00:00Z
2013,11,27,1216,1200,16,1340,1315,25,MQ,3386,N813MQ,JFK,DCA,60,213,12,0,2013-11-27T17:00:00Z
2013,11,27,2157,2159,-2,2314,2322,-8,EV,5311,N398CA,LGA,BGR,48,378,21,59,2013-11-28T02:00:00Z
2013,11,28,757,805,-8,944,945,-1,MQ,3531,N813MQ,LGA,RDU,72,431,8,5,2013-11-28T13:00:00Z
2013,11,28,824,830,-6,1035,1025,10,EV,5423,N398CA,LGA,RDU,70,431,8,30,2013-11-28T13:00:00Z
2013,11,28,904,843,21,1118,1051,27,US,2071,N703UW,LGA,CLT,90,544,8,43,2013-11-28T13:00:00Z
2013,11,28,1300,1220,40,1436,1400,36,MQ,3361,N813MQ,JFK,RDU,75,427,12,20,2013-11-28T17:00:00Z
2013,11,28,1510,1330,100,1634,1509,85,EV,5322,N398CA,LGA,RIC,54,292,13,30,2013-11-28T18:00:00Z
2013,11,28,1652,1700,-8,1758,1825,-27,MQ,3365,N813MQ,JFK,DCA,46,213,17,0,2013-11-28T22:00:00Z
2013,11,29,1452,1455,-3,1631,1650,-19,MQ,3359,N813MQ,JFK,RDU,78,427,14,55,2013-11-29T19:00:00Z
2013,11,29,1942,1945,-3,2123,2130,-7,MQ,3374,N813MQ,JFK,RDU,73,427,19,45,2013-11-30T00:00:00Z
2013,11,29,2148,2159,-11,2307,2322,-15,EV,5311,N398CA,LGA,BGR,54,378,21,59,2013-11-30T02:00:00Z
2013,11,30,838,845,-7,1115,1206,-51,EV,4935,N398CA,LGA,SRQ,138,1047,8,45,2013-11-30T13:00:00Z
2013,11,30,1634,1635,-1,1813,1808,5,EV,5293,N398CA,LGA,ORF,58,296,16,35,2013-11-30T21:00:00Z
2013,12,1,951,1005,-14,1156,1155,1,MQ,3572,N813MQ,LGA,CLE,69,419,10,5,2013-12-01T15:00:00Z
2013,12,1,1002,1015,-13,1322,1342,-20,US,604,N652AW,EWR,PHX,304,2133,10,15,2013-12-01T15:00:00Z
2013,12,1,1400,1325,35,1543,1527,16,EV,5299,N398CA,LGA,MEM,139,963,13,25,2013-12-01T18:00:00Z
2013,12,1,1451,1500,-9,1633,1645,-12,MQ,3416,N813MQ,LGA,RDU,68,431,15,0,2013-12-01T20:00:00Z
2013,12,1,1930,1935,-5,2227,2235,-8,DL,1435,N370NB,LGA,TPA,140,1010,19,35,2013-12-02T00:00:00Z
2013,12,2,1450,1455,-5,1624,1650,-26,MQ,3359,N813MQ,JFK,RDU,71,427,14,55,2013-12-02T19:00:00Z
2013,12,2,1723,1650,33,2001,1955,6,WN,3218,N259WN,EWR,HOU,195,1411,16,50,2013-12-02T21:00:00Z
2013,12,2,1942,1945,-3,2102,2130,-28,MQ,3374,N813MQ,JFK,RDU,63,427,19,45,2013-12-03T00:00:00Z
2013,12,3,715,715,0,915,918,-3,DL,831,N370NB,LGA,DTW,91,502,7,15,2013-12-03T12:00:00Z
2013,12,3,820,825,-5,945,1010,-25,MQ,3363,N813MQ,JFK,RDU,69,427,8,25,2013-12-03T13:00:00Z
2013,12,3,1611,1615,-4,1847,1834,13,EV,5601,N398CA,LGA,CLT,83,544,16,15,2013-12-03T21:00:00Z
2013,12,3,1703,1710,-7,1918,1910,8,MQ,3530,N813MQ,LGA,DTW,96,502,17,10,2013-12-03T22:00:00Z
2013,12,3,2156,2159,-3,2314,2322,-8,EV,5311,N398CA,LGA,BGR,57,378,21,59,2013-12-04T02:00:00Z
2013,12,4,1211,1220,-9,1345,1350,-5,MQ,3461,N813MQ,LGA,BNA,119,764,12,20,2013-12-04T17:00:00Z
2013,12,4,1900,1855,5,2038,2040,-2,MQ,3591,N813MQ,LGA,RDU,76,431,18,55,2013-12-04T23:00:00Z
2013,12,4,1922,1900,22,2357,2359,-2,AA,1029,N5ELAA,JFK,SJU,182,1598,19,0,2013-12-05T00:00:00Z
2013,12,5,652,700,-8,922,959,-37,DL,2285,N370NB,LGA,MCO,125,950,7,0,2013-12-05T12:00:00Z
2013,12,5,741,748,-7,1055,1108,-13,UA,327,N438UA,EWR,PDX,344,2434,7,48,2013-12-05T12:00:00Z
2013,12,5,852,845,7,1053,1053,0,US,2071,N703UW,LGA,CLT,90,544,8,45,2013-12-05T13:00:00Z
2013,12,5,1418,1345,33,1612,1553,19,US,1802,N703UW,JFK,CLT,85,541,13,45,2013-12-05T18:00:00Z
2013,12,5,1731,1520,131,2023,1848,95,DL,1982,N370NB,LGA,MIA,148,1096,15,20,2013-12-05T20:00:00Z
2013,12,5,1735,1450,165,1909,1635,154,MQ,3416,N813MQ,LGA,RDU,75,431,14,50,2013-12-05T19:00:00Z
2013,12,5,NA,1455,NA,NA,1650,NA,MQ,3391,N813MQ,LGA,CMH,NA,479,14,55,2013-12-05T19:00:00Z
2013,12,5,NA,1020,NA,NA,1205,NA,MQ,3466,N813MQ,LGA,RDU,NA,431,10,20,2013-12-05T15:00:00Z
2013,12,5,NA,1945,NA,NA,2150,NA,MQ,3603,N813MQ,LGA,DTW,NA,502,19,45,2013-12-06T00:00:00Z
2013,12,6,753,759,-6,1017,1034,-17,DL,2457,N370NB,LGA,MSY,175,1183,7,59,2013-12-06T12:00:00Z
2013,12,6,1001,1005,-4,1215,1212,3,US,1711,N703UW,LGA,CLT,97,544,10,5,2013-12-06T15:00:00Z
2013,12,6,1014,1005,9,1221,1155,26,MQ,3572,N813MQ,LGA,CLE,73,419,10,5,2013-12-06T15:00:00Z
2013,12,6,1327,1315,12,1726,1657,29,US,456,N652AW,JFK,PHX,333,2153,13,15,2013-12-06T18:00:00Z
2013,12,6,1514,1455,19,1731,1650,41,MQ,3391,N813MQ,LGA,CMH,88,479,14,55,2013-12-06T19:00:00Z
2013,12,6,1554,1545,9,1858,1858,0,DL,1935,N370NB,LGA,TPA,148,1010,15,45,2013-12-06T20:00:00Z
2013,12,6,1955,2000,-5,2058,2110,-12,AA,2314,N3FAAA,JFK,BOS,36,187,20,0,2013-12-07T01:00:00Z
2013,12,6,2034,1945,49,2246,2150,56,MQ,3603,N813MQ,LGA,DTW,85,502,19,45,2013-12-07T00:00:00Z
2013,12,7,925,930,-5,1206,1208,-2,DL,1903,N370NB,LGA,DEN,262,1620,9,30,2013-12-07T14:00:00Z
2013,12,8,754,805,-11,943,945,-2,MQ,3531,N813MQ,LGA,RDU,89,431,8,5,2013-12-08T13:00:00Z
2013,12,8,1246,1220,26,1426,1400,26,MQ,3361,N813MQ,JFK,RDU,83,427,12,20,2013-12-08T17:00:00Z
2013,12,8,1433,1435,-2,1717,1741,-24,DL,1902,N370NB,LGA,PBI,145,1035,14,35,2013-12-08T19:00:00Z
2013,12,8,2323,2130,113,57,2245,132,MQ,3621,N813MQ,JFK,DCA,50,213,21,30,2013-12-09T02:00:00Z
2013,12,9,734,745,-11,1032,1056,-24,DL,2395,N370NB,LGA,PBI,148,1035,7,45,2013-12-09T12:00:00Z
2013,12,9,853,825,28,1034,1010,24,MQ,3363,N813MQ,JFK,RDU,82,427,8,25,2013-12-09T13:00:00Z
2013,12,9,1316,1315,1,1726,1657,29,US,456,N652AW,JFK,PHX,345,2153,13,15,2013-12-09T18:00:00Z
2013,12,9,1424,1355,29,1621,1535,46,MQ,3305,N813MQ,LGA,RDU,78,431,13,55,2013-12-09T18:00:00Z
2013,12,9,1954,1800,114,2202,1935,147,MQ,3486,N813MQ,LGA,BNA,147,764,18,0,2013-12-09T23:00:00Z
2013,12,10,829,830,-1,1122,1037,45,DL,2119,N370NB,LGA,MSP,159,1020,8,30,2013-12-10T13:00:00Z
2013,12,10,1619,1545,34,1939,1905,34,AA,1156,N3FAAA,LGA,DFW,226,1389,15,45,2013-12-10T20:00:00Z
2013,12,11,816,820,-4,949,940,9,MQ,3370,N813MQ,JFK,DCA,49,213,8,20,2013-12-11T13:00:00Z
2013,12,11,1155,1200,-5,1303,1315,-12,MQ,3386,N813MQ,JFK,DCA,52,213,12,0,2013-12-11T17:00:00Z
2013,12,11,1257,1300,-3,1529,1535,-6,DL,439,N370NB,JFK,ATL,126,760,13,0,2013-12-11T18:00:00Z
2013,12,12,757,805,-8,943,945,-2,MQ,3531,N813MQ,LGA,RDU,82,431,8,5,2013-12-12T13:00:00Z
2013,12,12,1016,1015,1,1356,1342,14,US,604,N652AW,EWR,PHX,317,2133,10,15,2013-12-12T15:00:00Z
2013,12,12,1211,1220,-9,1349,1400,-11,MQ,3361,N813MQ,JFK,RDU,77,427,12,20,2013-12-12T17:00:00Z
2013,12,12,1650,1700,-10,1750,1825,-35,MQ,3365,N813MQ,JFK,DCA,45,213,17,0,2013-12-12T22:00:00Z
2013,12,13,843,845,-2,1129,1202,-33,UA,652,N438UA,EWR,IAH,202,1400,8,45,2013-12-13T13:00:00Z
2013,12,13,1454,1455,-1,1646,1650,-4,MQ,3359,N813MQ,JFK,RDU,79,427,14,55,2013-12-13T19:00:00Z
2013,12,13,1900,1900,0,2041,2035,6,UA,693,N438UA,LGA,ORD,134,733,19,0,2013-12-14T00:00:00Z
2013,12,13,1944,1945,-1,2115,2130,-15,MQ,3374,N813MQ,JFK,RDU,72,427,19,45,2013-12-14T00:00:00Z
2013,12,14,819,820,-1,932,940,-8,MQ,3370,N813MQ,JFK,DCA,44,213,8,20,2013-12-14T13:00:00Z
2013,12,14,822,820,2,1037,1021,16,US,409,N652AW,EWR,CLT,96,529,8,20,2013-12-14T13:00:00Z
2013,12,14,1203,1200,3,1427,1315,72,MQ,3386,N813MQ,JFK,DCA,49,213,12,0,2013-12-14T17:00:00Z
2013,12,15,1354,1400,-6,1456,1515,-19,US,2183,N703UW,LGA,DCA,43,214,14,0,2013-12-15T19:00:00Z
2013,12,15,1722,1710,12,1923,1910,13,MQ,3530,N813MQ,LGA,DTW,96,502,17,10,2013-12-15T22:00:00Z
2013,12,15,1754,1800,-6,1904,1919,-15,US,2191,N703UW,LGA,DCA,44,214,18,0,2013-12-15T23:00:00Z
2013,12,16,655,700,-5,753,809,-16,US,2169,N703UW,LGA,DCA,44,214,7,0,2013-12-16T12:00:00Z
2013,12,16,1212,1220,-8,1351,1350,1,MQ,3461,N813MQ,LGA,BNA,126,764,12,20,2013-12-16T17:00:00Z
2013,12,16,1804,1800,4,2000,1940,20,MQ,3501,N813MQ,LGA,RDU,79,431,18,0,2013-12-16T23:00:00Z
2013,12,17,NA,1455,NA,NA,1650,NA,MQ,3391,N813MQ,LGA,CMH,NA,479,14,55,2013-12-17T19:00:00Z
2013,12,17,NA,1020,NA,NA,1205,NA,MQ,3466,N813MQ,LGA,RDU,NA,431,10,20,2013-12-17T15:00:00Z
2013,12,18,744,745,-1,1030,1056,-26,DL,2395,N370NB,LGA,PBI,136,1035,7,45,2013-12-18T12:00:00Z
2013,12,18,1013,1020,-7,1234,1205,29,MQ,3466,N813MQ,LGA,RDU,68,431,10,20,2013-12-18T15:00:00Z
2013,12,18,1517,1520,-3,1817,1848,-31,DL,1982,N370NB,LGA,MIA,143,1096,15,20,2013-12-18T20:00:00Z
2013,12,18,1517,1520,-3,1709,1700,9,MQ,3493,N813MQ,LGA,CLE,71,419,15,20,2013-12-18T20:00:00Z
2013,12,18,1932,1930,2,2139,2130,9,MQ,3573,N813MQ,LGA,CMH,85,479,19,30,2013-12-19T00:00:00Z
2013,12,19,557,600,-3,740,757,-17,DL,731,N370NB,LGA,DTW,84,502,6,0,2013-12-19T11:00:00Z
2013,12,19,819,825,-6,1003,1005,-2,MQ,3272,N813MQ,LGA,CLE,75,419,8,25,2013-12-19T13:00:00Z
2013,12,19,1254,1259,-5,1445,1454,-9,MQ,3388,N813MQ,LGA,CMH,82,479,12,59,2013-12-19T17:00:00Z
2013,12,19,1751,1800,-9,1928,1935,-7,MQ,3486,N813MQ,LGA,BNA,125,764,18,0,2013-12-19T23:00:00Z
2013,12,20,1351,1355,-4,1740,1715,25,US,686,N652AW,EWR,PHX,330,2133,13,55,2013-12-20T18:00:00Z
2013,12,21,600,600,0,800,757,3,DL,731,N370NB,LGA,DTW,95,502,6,0,2013-12-21T11:00:00Z
2013,12,21,1733,1719,14,1918,1917,1,US,687,N652AW,EWR,CLT,85,529,17,19,2013-12-21T22:00:00Z
2013,12,22,1514,1455,19,1720,1650,30,MQ,3359,N813MQ,JFK,RDU,77,427,14,55,2013-12-22T19:00:00Z
2013,12,22,2036,1945,51,2251,2130,81,MQ,3374,N813MQ,JFK,RDU,77,427,19,45,2013-12-23T00:00:00Z
2013,12,23,557,600,-3,736,745,-9,AA,301,N3FAAA,LGA,ORD,129,733,6,0,2013-12-23T11:00:00Z
2013,12,23,1019,1005,14,1205,1155,10,MQ,3572,N813MQ,LGA,CLE,77,419,10,5,2013-12-23T15:00:00Z
2013,12,23,1508,1355,73,1718,1555,83,MQ,3340,N813MQ,LGA,DTW,94,502,13,55,2013-12-23T18:00:00Z
2013,12,24,817,825,-8,953,1005,-12,MQ,3272,N813MQ,LGA,CLE,73,419,8,25,2013-12-24T13:00:00Z
2013,12,24,1233,1240,-7,1418,1440,-22,EV,5078,N398CA,EWR,DTW,89,488,12,40,2013-12-24T17:00:00Z
2013,12,24,1345,1355,-10,1544,1555,-11,MQ,3340,N813MQ,LGA,DTW,86,502,13,55,2013-12-24T18:00:00Z
2013,12,25,823,825,-2,959,1005,-6,MQ,3272,N813MQ,LGA,CLE,76,419,8,25,2013-12-25T13:00:00Z
2013,12,25,1221,1225,-4,1521,1535,-14,AA,1697,N5ELAA,JFK,MIA,154,1089,12,25,2013-12-25T17:00:00Z
2013,12,25,1446,1450,-4,1622,1635,-13,MQ,3416,N813MQ,LGA,RDU,77,431,14,50,2013-12-25T19:00:00Z
2013,12,26,817,825,-8,956,1005,-9,MQ,3272,N813MQ,LGA,CLE,79,419,8,25,2013-12-26T13:00:00Z
2013,12,26,905,845,20,1107,1053,14,US,2071,N703UW,LGA,CLT,96,544,8,45,2013-12-26T13:00:00Z
2013,12,26,1236,1245,-9,1422,1446,-24,DL,1131,N370NB,LGA,DTW,82,502,12,45,2013-12-26T17:00:00Z
2013,12,26,1259,1259,0,1459,1454,5,MQ,3388,N813MQ,LGA,CMH,95,479,12,59,2013-12-26T17:00:00Z
2013,12,26,1313,1240,33,1500,1440,20,EV,5078,N398CA,EWR,DTW,87,488,12,40,2013-12-26T17:00:00Z
2013,12,26,1313,1315,-2,1638,1657,-19,US,456,N652AW,JFK,PHX,300,2153,13,15,2013-12-26T18:00:00Z
2013,12,26,1752,1800,-8,1919,1935,-16,MQ,3486,N813MQ,LGA,BNA,126,764,18,0,2013-12-26T23:00:00Z
2013,12,27,655,705,-10,839,844,-5,UA,331,N438UA,LGA,ORD,122,733,7,5,2013-12-27T12:00:00Z
2013,12,27,952,1000,-8,1117,1135,-18,MQ,3675,N813MQ,LGA,BNA,127,764,10,0,2013-12-27T15:00:00Z
2013,12,27,1854,1900,-6,3,2359,4,AA,1029,N5ELAA,JFK,SJU,190,1598,19,0,2013-12-28T00:00:00Z
2013,12,27,2159,2159,0,2315,2321,-6,EV,5311,N398CA,LGA,BGR,53,378,21,59,2013-12-28T02:00:00Z
2013,12,28,813,815,-2,1022,1021,1,DL,2119,N370NB,LGA,MSP,158,1020,8,15,2013-12-28T13:00:00Z
2013,12,28,832,835,-3,1040,1040,0,MQ,3407,N813MQ,LGA,CMH,81,479,8,35,2013-12-28T13:00:00Z
2013,12,28,1351,1355,-4,1548,1555,-7,MQ,3340,N813MQ,LGA,DTW,83,502,13,55,2013-12-28T18:00:00Z
2013,12,29,848,855,-7,1038,1100,-22,MQ,3478,N813MQ,LGA,DTW,89,502,8,55,2013-12-29T13:00:00Z
2013,12,29,1402,1355,7,1554,1535,19,MQ,3305,N813MQ,LGA,RDU,75,431,13,55,2013-12-29T18:00:00Z
2013,12,29,1525,1455,30,1900,1805,55,AA,1155,N3FAAA,LGA,DFW,234,1389,14,55,2013-12-29T19:00:00Z
2013,12,29,1913,1800,73,2106,1940,86,MQ,3501,N813MQ,LGA,RDU,74,431,18,0,2013-12-29T23:00:00Z
2013,12,30,604,600,4,900,905,-5,AA,1175,N3FAAA,LGA,MIA,158,1096,6,0,2013-12-30T11:00:00Z
2013,12,30,712,715,-3,855,918,-23,DL,831,N370NB,LGA,DTW,87,502,7,15,2013-12-30T12:00:00Z
2013,12,30,816,825,-9,1004,1010,-6,MQ,3363,N813MQ,JFK,RDU,77,427,8,25,2013-12-30T13:00:00Z
2013,12,30,1707,1710,-3,1911,1910,1,MQ,3530,N813MQ,LGA,DTW,90,502,17,10,2013-12-30T22:00:00Z
2013,12,31,815,825,-10,956,1005,-9,MQ,3272,N813MQ,LGA,CLE,79,419,8,25,2013-12-31T13:00:00Z
2013,12,31,1354,1355,-1,1555,1555,0,MQ,3340,N813MQ,LGA,DTW,98,502,13,55,2013-12-31T18:00:00Z
2013,12,31,1758,1805,-7,1904,1935,-31,EV,5326,N398CA,LGA,BTV,44,258,18,5,2013-12-31T23:00:00Z
2013,12,31,1851,1855,-4,2027,2040,-13,MQ,3591,N813MQ,LGA,RDU,72,431,18,55,2013-12-31T23:00:00Z
2013,2,1,626,630,-4,905,859,6,DL,2006,N370NB,LGA,MSY,196,1183,6,30,2013-02-01T11:00:00Z
2013,2,1,1517,1520,-3,1904,1841,23,DL,2115,N370NB,LGA,MIA,164,1096,15,20,2013-02-01T20:00:00Z
2013,2,1,1909,1900,9,2033,2015,18,US,2187,N703UW,LGA,DCA,42,214,19,0,2013-02-02T00:00:00Z
2013,2,2,700,700,0,941,952,-11,DL,2285,N370NB,LGA,MCO,139,950,7,0,2013-02-02T12:00:00Z
2013,2,2,858,855,3,1101,1100,1,EV,4913,N398CA,EWR,DTW,97,488,8,55,2013-02-02T13:00:00Z
2013,2,2,937,940,-3,1240,1250,-10,AA,1871,N3FAAA,LGA,MIA,163,1096,9,40,2013-02-02T14:00:00Z
2013,2,2,1341,1350,-9,1556,1628,-32,DL,1715,N370NB,LGA,MSY,174,1183,13,50,2013-02-02T18:00:00Z
2013,2,2,1548,1550,-2,2038,2050,-12,AA,1635,N5ELAA,JFK,SJU,200,1598,15,50,2013-02-02T20:00:00Z
2013,2,3,823,825,-2,942,945,-3,MQ,4418,N813MQ,JFK,DCA,50,213,8,25,2013-02-03T13:00:00Z
2013,2,3,924,925,-1,1138,1150,-12,WN,3494,N259WN,EWR,DEN,232,1605,9,25,2013-02-03T14:00:00Z
2013,2,3,1131,1134,-3,1341,1345,-4,DL,2219,N370NB,LGA,MSP,152,1020,11,34,2013-02-03T16:00:00Z
2013,2,3,1546,1550,-4,2031,2050,-19,AA,1635,N5ELAA,JFK,SJU,198,1598,15,50,2013-02-03T20:00:00Z
2013,2,4,836,840,-4,1017,1030,-13,MQ,4521,N813MQ,LGA,RDU,78,431,8,40,2013-02-04T13:00:00Z
2013,2,4,1305,1315,-10,1519,1520,-1,MQ,4564,N813MQ,LGA,DTW,112,502,13,15,2013-02-04T18:00:00Z
2013,2,6,1632,1635,-3,1943,2001,-18,US,656,N652AW,EWR,PHX,294,2133,16,35,2013-02-06T21:00:00Z
2013,2,8,1449,1455,-6,1831,1805,26,UA,473,N438UA,EWR,FLL,165,1065,14,55,2013-02-08T19:00:00Z
2013,2,11,849,855,-6,1043,1102,-19,EV,4913,N398CA,EWR,DTW,89,488,8,55,2013-02-11T13:00:00Z
2013,2,11,1008,1015,-7,1348,1340,8,US,75,N652AW,EWR,PHX,317,2133,10,15,2013-02-11T15:00:00Z
2013,2,12,553,600,-7,652,703,-11,US,2114,N703UW,LGA,BOS,33,184,6,0,2013-02-12T11:00:00Z
2013,2,12,1243,1250,-7,1500,1449,11,EV,4893,N398CA,EWR,DTW,89,488,12,50,2013-02-12T17:00:00Z
2013,2,13,1648,1650,-2,1921,1936,-15,UA,372,N438UA,EWR,LAS,306,2227,16,50,2013-02-13T21:00:00Z
2013,2,13,1814,1820,-6,2107,2150,-43,AA,119,N3FAAA,EWR,LAX,320,2454,18,20,2013-02-13T23:00:00Z
2013,2,14,1900,1855,5,2400,2355,5,AA,1613,N5ELAA,JFK,SJU,200,1598,18,55,2013-02-14T23:00:00Z
2013,2,15,1612,1610,2,1748,1756,-8,EV,5486,N398CA,LGA,PIT,64,335,16,10,2013-02-15T21:00:00Z
2013,2,16,1348,1355,-7,1520,1615,-55,EV,4871,N398CA,LGA,MEM,135,963,13,55,2013-02-16T18:00:00Z
2013,2,17,1158,1030,88,1459,1340,79,UA,524,N438UA,EWR,FLL,148,1065,10,30,2013-02-17T15:00:00Z
2013,2,17,1412,1355,17,1557,1615,-18,EV,4931,N398CA,LGA,MEM,136,963,13,55,2013-02-17T18:00:00Z
2013,2,18,533,540,-7,822,850,-28,AA,1141,N5ELAA,JFK,MIA,147,1089,5,40,2013-02-18T10:00:00Z
2013,2,20,2020,2020,0,2312,2317,-5,UA,248,N438UA,EWR,PBI,154,1023,20,20,2013-02-21T01:00:00Z
2013,2,21,622,630,-8,757,810,-13,AA,303,N3FAAA,LGA,ORD,132,733,6,30,2013-02-21T11:00:00Z
2013,2,21,1232,1240,-8,1453,1446,7,DL,1131,N370NB,LGA,DTW,97,502,12,40,2013-02-21T17:00:00Z
2013,2,22,741,746,-5,1037,1053,-16,UA,814,N438UA,EWR,IAH,214,1400,7,46,2013-02-22T12:00:00Z
2013,2,23,1136,1140,-4,1449,1459,-10,DL,1421,N370NB,LGA,RSW,161,1080,11,40,2013-02-23T16:00:00Z
2013,2,23,1926,1929,-3,2232,2246,-14,DL,1133,N370NB,LGA,RSW,166,1080,19,29,2013-02-24T00:00:00Z
2013,2,24,1130,1134,-4,1316,1345,-29,DL,2219,N370NB,LGA,MSP,144,1020,11,34,2013-02-24T16:00:00Z
2013,2,24,1503,1506,-3,1828,1824,4,UA,532,N438UA,EWR,AUS,233,1504,15,6,2013-02-24T20:00:00Z
2013,2,24,1920,1925,-5,2106,2116,-10,EV,4872,N398CA,LGA,BHM,130,866,19,25,2013-02-25T00:00:00Z
2013,2,25,1107,1110,-3,1244,1252,-8,EV,5273,N398CA,LGA,PIT,63,335,11,10,2013-02-25T16:00:00Z
2013,2,25,1133,1140,-7,1513,1459,14,DL,1421,N370NB,LGA,RSW,183,1080,11,40,2013-02-25T16:00:00Z
2013,2,25,1757,1800,-3,1935,1940,-5,UA,540,N438UA,EWR,ORD,115,719,18,0,2013-02-25T23:00:00Z
2013,2,25,1921,1925,-4,2105,2116,-11,EV,4872,N398CA,LGA,BHM,139,866,19,25,2013-02-26T00:00:00Z
2013,2,25,1923,1929,-6,2231,2246,-15,DL,1133,N370NB,LGA,RSW,166,1080,19,29,2013-02-26T00:00:00Z
2013,2,26,1102,1110,-8,1247,1252,-5,EV,5273,N398CA,LGA,PIT,60,335,11,10,2013-02-26T16:00:00Z
2013,2,26,1127,1134,-7,1327,1345,-18,DL,2219,N370NB,LGA,MSP,134,1020,11,34,2013-02-26T16:00:00Z
2013,2,26,1814,1820,-6,2050,2150,-60,AA,119,N3FAAA,EWR,LAX,313,2454,18,20,2013-02-26T23:00:00Z
2013,2,28,1558,1600,-2,1720,1739,-19,UA,687,N438UA,LGA,ORD,116,733,16,0,2013-02-28T21:00:00Z
2013,3,1,712,715,-3,1041,1045,-4,AA,443,N5ELAA,JFK,MIA,177,1089,7,15,2013-03-01T12:00:00Z
2013,3,1,1237,1240,-3,1429,1446,-17,DL,1131,N370NB,LGA,DTW,88,502,12,40,2013-03-01T17:00:00Z
2013,3,2,559,604,-5,853,935,-42,UA,421,N438UA,EWR,SFO,330,2565,6,4,2013-03-02T11:00:00Z
2013,3,2,1010,1015,-5,1244,1340,-56,US,75,N652AW,EWR,PHX,261,2133,10,15,2013-03-02T15:00:00Z
2013,3,2,1125,1130,-5,1301,1306,-5,EV,4978,N398CA,LGA,BGR,60,378,11,30,2013-03-02T16:00:00Z
2013,3,2,1558,1605,-7,1834,1847,-13,EV,5241,N398CA,LGA,JAX,134,833,16,5,2013-03-02T21:00:00Z
2013,3,3,938,940,-2,1055,1110,-15,EV,4948,N398CA,LGA,PWM,49,269,9,40,2013-03-03T14:00:00Z
2013,3,3,1410,1415,-5,1540,1607,-27,EV,4983,N398CA,LGA,GSO,64,461,14,15,2013-03-03T19:00:00Z
2013,3,3,2022,2000,22,2152,2150,2,EV,5038,N398CA,LGA,BHM,113,866,20,0,2013-03-04T01:00:00Z
2013,3,4,1134,1120,14,1308,1302,6,EV,5273,N398CA,LGA,PIT,54,335,11,20,2013-03-04T16:00:00Z
2013,3,5,1016,1015,1,1331,1340,-9,US,75,N652AW,EWR,PHX,301,2133,10,15,2013-03-05T15:00:00Z
2013,3,6,607,610,-3,856,910,-14,AA,1895,N5ELAA,EWR,MIA,150,1085,6,10,2013-03-06T11:00:00Z
2013,3,6,723,630,53,1029,1019,10,US,654,N652AW,JFK,PHX,279,2153,6,30,2013-03-06T11:00:00Z
2013,3,7,611,610,1,846,910,-24,AA,1895,N5ELAA,EWR,MIA,138,1085,6,10,2013-03-07T11:00:00Z
2013,3,8,608,610,-2,946,941,5,UA,421,N438UA,EWR,SFO,346,2565,6,10,2013-03-08T11:00:00Z
2013,3,9,1105,1015,50,1353,1325,28,EV,5485,N398CA,LGA,PBI,136,1035,10,15,2013-03-09T15:00:00Z
2013,3,10,556,600,-4,801,805,-4,EV,5020,N398CA,LGA,MEM,137,963,6,0,2013-03-10T10:00:00Z
2013,3,10,1013,1015,-2,1201,1240,-39,US,75,N652AW,EWR,PHX,271,2133,10,15,2013-03-10T14:00:00Z
2013,3,11,553,600,-7,712,733,-21,UA,997,N438UA,LGA,ORD,118,733,6,0,2013-03-11T10:00:00Z
2013,3,11,557,600,-3,813,805,8,EV,5020,N398CA,LGA,MEM,149,963,6,0,2013-03-11T10:00:00Z
2013,3,11,1014,1015,-1,1214,1240,-26,US,75,N652AW,EWR,PHX,283,2133,10,15,2013-03-11T14:00:00Z
2013,3,16,956,959,-3,1240,1233,7,US,450,N652AW,JFK,PHX,314,2153,9,59,2013-03-16T13:00:00Z
2013,3,16,1117,1110,7,1329,1325,4,EV,5500,N398CA,LGA,DTW,93,502,11,10,2013-03-16T15:00:00Z
2013,3,16,1135,1140,-5,1434,1445,-11,AA,1623,N3FAAA,EWR,MIA,154,1085,11,40,2013-03-16T15:00:00Z
2013,3,16,1330,1330,0,1451,1505,-14,WN,700,N259WN,LGA,MKE,123,738,13,30,2013-03-16T17:00:00Z
2013,3,18,608,600,8,719,659,20,US,2161,N703UW,LGA,DCA,47,214,6,0,2013-03-18T10:00:00Z
2013,3,18,628,630,-2,919,919,0,US,654,N652AW,JFK,PHX,308,2153,6,30,2013-03-18T10:00:00Z
2013,3,18,957,1000,-3,1126,1121,5,US,2169,N703UW,LGA,DCA,45,214,10,0,2013-03-18T14:00:00Z
2013,3,18,1151,1140,11,1448,1445,3,AA,1623,N3FAAA,EWR,MIA,152,1085,11,40,2013-03-18T15:00:00Z
2013,3,18,1320,1300,20,1551,1521,30,EV,4950,N398CA,EWR,ATL,121,746,13,0,2013-03-18T17:00:00Z
2013,3,18,1859,1855,4,2114,2043,31,DL,1129,N370NB,LGA,PIT,65,335,18,55,2013-03-18T22:00:00Z
2013,3,19,857,900,-3,1225,1216,9,DL,874,N370NB,LGA,MIA,165,1096,9,0,2013-03-19T13:00:00Z
2013,3,19,1656,1645,11,1926,1850,36,DL,1473,N370NB,LGA,MEM,147,963,16,45,2013-03-19T20:00:00Z
2013,3,20,827,815,12,1020,1015,5,US,675,N652AW,EWR,CLT,96,529,8,15,2013-03-20T12:00:00Z
2013,3,20,1347,1350,-3,1556,1615,-19,US,186,N652AW,EWR,PHX,290,2133,13,50,2013-03-20T17:00:00Z
2013,3,21,631,615,16,832,820,12,US,829,N703UW,JFK,CLT,92,541,6,15,2013-03-21T10:00:00Z
2013,3,21,1131,1135,-4,1453,1447,6,DL,1552,N370NB,LGA,RSW,162,1080,11,35,2013-03-21T15:00:00Z
2013,3,21,1930,1929,1,2245,2247,-2,DL,1433,N370NB,LGA,RSW,156,1080,19,29,2013-03-21T23:00:00Z
2013,3,22,1054,1100,-6,1246,1305,-19,DL,1573,N370NB,LGA,MEM,146,963,11,0,2013-03-22T15:00:00Z
2013,3,22,1617,1605,12,1758,1750,8,EV,5486,N398CA,LGA,PIT,55,335,16,5,2013-03-22T20:00:00Z
2013,3,22,2039,1820,139,2359,2150,129,AA,119,N3FAAA,EWR,LAX,350,2454,18,20,2013-03-22T22:00:00Z
2013,3,23,856,900,-4,957,1023,-26,US,2167,N703UW,LGA,DCA,41,214,9,0,2013-03-23T13:00:00Z
2013,3,23,1716,1720,-4,1910,1915,-5,AA,1351,N3FAAA,JFK,ORD,128,740,17,20,2013-03-23T21:00:00Z
2013,3,24,800,809,-9,1141,1147,-6,UA,334,N438UA,EWR,SFO,354,2565,8,9,2013-03-24T12:00:00Z
2013,3,25,1157,1200,-3,1408,1400,8,US,1443,N703UW,JFK,CLT,92,541,12,0,2013-03-25T16:00:00Z
2013,3,25,2124,1929,115,2328,2157,91,EV,5181,N398CA,EWR,ATL,106,746,19,29,2013-03-25T23:00:00Z
2013,3,26,1017,1015,2,1227,1240,-13,US,75,N652AW,EWR,PHX,288,2133,10,15,2013-03-26T14:00:00Z
2013,3,26,1321,1330,-9,1626,1640,-14,AA,753,N3FAAA,LGA,DFW,199,1389,13,30,2013-03-26T17:00:00Z
2013,3,27,555,600,-5,713,745,-32,AA,301,N3FAAA,LGA,ORD,113,733,6,0,2013-03-27T10:00:00Z
2013,3,28,607,615,-8,744,818,-34,EV,4901,N398CA,EWR,MSP,140,1008,6,15,2013-03-28T10:00:00Z
2013,3,28,1559,1605,-6,1725,1750,-25,EV,5486,N398CA,LGA,PIT,51,335,16,5,2013-03-28T20:00:00Z
2013,3,29,846,854,-8,1019,1043,-24,UA,649,N438UA,EWR,CLE,61,404,8,54,2013-03-29T12:00:00Z
2013,3,29,853,900,-7,1010,1022,-12,US,2167,N703UW,LGA,DCA,45,214,9,0,2013-03-29T13:00:00Z
2013,3,29,1133,1135,-2,1440,1447,-7,DL,1552,N370NB,LGA,RSW,157,1080,11,35,2013-03-29T15:00:00Z
2013,3,29,1251,1300,-9,1358,1407,-9,US,2175,N703UW,LGA,DCA,45,214,13,0,2013-03-29T17:00:00Z
2013,3,29,1659,1700,-1,1811,1817,-6,US,2183,N703UW,LGA,DCA,48,214,17,0,2013-03-29T21:00:00Z
2013,3,29,1924,1929,-5,2224,2247,-23,DL,1433,N370NB,LGA,RSW,153,1080,19,29,2013-03-29T23:00:00Z
2013,3,29,2015,2015,0,2122,2130,-8,AA,1762,N3FAAA,JFK,BOS,36,187,20,15,2013-03-30T00:00:00Z
2013,3,29,2048,2100,-12,2158,2215,-17,US,2191,N703UW,LGA,DCA,43,214,21,0,2013-03-30T01:00:00Z
2013,3,30,1254,1115,99,1522,1413,69,DL,1875,N370NB,LGA,TPA,135,1010,11,15,2013-03-30T15:00:00Z
2013,3,31,627,630,-3,837,913,-36,US,654,N652AW,JFK,PHX,291,2153,6,30,2013-03-31T10:00:00Z
2013,3,31,1101,1110,-9,1309,1315,-6,DL,1031,N370NB,LGA,DTW,95,502,11,10,2013-03-31T15:00:00Z
2013,4,1,NA,1125,NA,NA,1327,NA,EV,5277,N398CA,EWR,MSP,NA,1008,11,25,2013-04-01T15:00:00Z
2013,4,2,2130,2040,50,2253,2200,53,MQ,4449,N813MQ,JFK,DCA,51,213,20,40,2013-04-03T00:00:00Z
2013,4,3,624,630,-6,925,913,12,US,654,N652AW,JFK,PHX,311,2153,6,30,2013-04-03T10:00:00Z
2013,4,3,729,731,-2,855,908,-13,UA,719,N438UA,EWR,ORD,115,719,7,31,2013-04-03T11:00:00Z
2013,4,3,1203,1205,-2,1351,1345,6,WN,1791,N259WN,EWR,STL,143,872,12,5,2013-04-03T16:00:00Z
2013,4,3,1655,1700,-5,1816,1830,-14,MQ,4410,N813MQ,JFK,DCA,53,213,17,0,2013-04-03T21:00:00Z
2013,4,4,657,655,2,802,825,-23,WN,3048,N259WN,LGA,MKE,110,738,6,55,2013-04-04T10:00:00Z
2013,4,4,818,829,-11,1042,1034,8,MQ,4478,N813MQ,LGA,DTW,89,502,8,29,2013-04-04T12:00:00Z
2013,4,4,1233,1235,-2,1446,1505,-19,WN,3209,N259WN,LGA,DEN,225,1620,12,35,2013-04-04T16:00:00Z
2013,4,4,1337,1345,-8,1514,1530,-16,MQ,4491,N813MQ,LGA,CLE,73,419,13,45,2013-04-04T17:00:00Z
2013,4,4,1727,1730,-3,1938,1919,19,US,449,N652AW,EWR,CLT,93,529,17,30,2013-04-04T21:00:00Z
2013,4,4,1823,1830,-7,1958,1955,3,MQ,4484,N813MQ,LGA,BNA,129,764,18,30,2013-04-04T22:00:00Z
2013,4,5,839,845,-6,1055,1047,8,US,1429,N703UW,LGA,CLT,96,544,8,45,2013-04-05T12:00:00Z
2013,4,5,1118,1100,18,1306,1245,21,MQ,4471,N813MQ,LGA,RDU,81,431,11,0,2013-04-05T15:00:00Z
2013,4,7,1204,1210,-6,1352,1355,-3,MQ,4431,N813MQ,LGA,RDU,69,431,12,10,2013-04-07T16:00:00Z
2013,4,7,1629,1629,0,1805,1814,-9,MQ,4415,N813MQ,LGA,RDU,73,431,16,29,2013-04-07T20:00:00Z
2013,4,8,603,605,-2,735,735,0,MQ,4518,N813MQ,LGA,RDU,68,431,6,5,2013-04-08T10:00:00Z
2013,4,8,1451,1454,-3,1722,1747,-25,UA,698,N438UA,EWR,MCO,129,937,14,54,2013-04-08T18:00:00Z
2013,4,8,1519,1525,-6,1649,1715,-26,MQ,4447,N813MQ,LGA,RDU,70,431,15,25,2013-04-08T19:00:00Z
2013,4,9,557,605,-8,752,800,-8,MQ,4401,N813MQ,LGA,DTW,91,502,6,5,2013-04-09T10:00:00Z
2013,4,9,653,655,-2,937,935,2,AA,1815,N5ELAA,JFK,MCO,134,944,6,55,2013-04-09T10:00:00Z
2013,4,9,756,800,-4,1003,1024,-21,DL,689,N370NB,LGA,MSY,161,1183,8,0,2013-04-09T12:00:00Z
2013,4,9,1053,1100,-7,1224,1245,-21,MQ,4471,N813MQ,LGA,RDU,68,431,11,0,2013-04-09T15:00:00Z
2013,4,9,1400,1359,1,1652,1714,-22,AA,677,N5ELAA,JFK,MIA,144,1089,13,59,2013-04-09T17:00:00Z
2013,4,9,1546,1548,-2,1746,1820,-34,DL,1705,N370NB,LGA,MSY,162,1183,15,48,2013-04-09T19:00:00Z
2013,4,9,1659,1700,-1,1847,1830,17,MQ,4410,N813MQ,JFK,DCA,52,213,17,0,2013-04-09T21:00:00Z
2013,4,10,554,600,-6,756,800,-4,DL,731,N370NB,LGA,DTW,103,502,6,0,2013-04-10T10:00:00Z
2013,4,10,1058,1103,-5,1350,1412,-22,UA,500,N438UA,EWR,LAX,328,2454,11,3,2013-04-10T15:00:00Z
2013,4,10,1137,1140,-3,1454,1455,-1,AA,2099,N3FAAA,LGA,MIA,151,1096,11,40,2013-04-10T15:00:00Z
2013,4,10,1446,1450,-4,1614,1635,-21,MQ,4403,N813MQ,JFK,RDU,67,427,14,50,2013-04-10T18:00:00Z
2013,4,10,NA,2005,NA,NA,2200,NA,MQ,4555,N813MQ,LGA,CMH,NA,479,20,5,2013-04-11T00:00:00Z
2013,4,11,640,641,-1,901,915,-14,UA,848,N438UA,EWR,PHX,301,2133,6,41,2013-04-11T10:00:00Z
2013,4,11,756,800,-4,1002,1024,-22,DL,689,N370NB,LGA,MSY,163,1183,8,0,2013-04-11T12:00:00Z
2013,4,11,850,850,0,1019,1025,-6,MQ,4406,N813MQ,JFK,RDU,65,427,8,50,2013-04-11T12:00:00Z
2013,4,11,953,959,-6,1155,1200,-5,US,1277,N703UW,LGA,CLT,86,544,9,59,2013-04-11T13:00:00Z
2013,4,11,1255,1300,-5,1433,1435,-2,MQ,4404,N813MQ,JFK,RDU,69,427,13,0,2013-04-11T17:00:00Z
2013,4,11,1730,1730,0,2055,2059,-4,DL,1459,N370NB,JFK,SAT,231,1587,17,30,2013-04-11T21:00:00Z
2013,4,12,925,755,90,1145,910,155,MQ,4418,N813MQ,JFK,DCA,97,213,7,55,2013-04-12T11:00:00Z
2013,4,12,2244,2019,145,138,2325,133,UA,205,N438UA,EWR,AUS,216,1504,20,19,2013-04-13T00:00:00Z
2013,4,12,NA,1155,NA,NA,1310,NA,MQ,4425,N813MQ,JFK,DCA,NA,213,11,55,2013-04-12T15:00:00Z
2013,4,13,551,600,-9,901,850,11,AA,707,N3FAAA,LGA,DFW,229,1389,6,0,2013-04-13T10:00:00Z
2013,4,13,825,825,0,1022,1026,-4,US,487,N652AW,JFK,CLT,95,541,8,25,2013-04-13T12:00:00Z
2013,4,13,1144,1135,9,1346,1341,5,DL,2219,N370NB,LGA,MSP,145,1020,11,35,2013-04-13T15:00:00Z
2013,4,13,1304,1155,69,1423,1310,73,MQ,4425,N813MQ,JFK,DCA,55,213,11,55,2013-04-13T15:00:00Z
2013,4,13,1546,1550,-4,1835,1900,-25,AA,763,N3FAAA,LGA,DFW,210,1389,15,50,2013-04-13T19:00:00Z
2013,4,13,1902,1859,3,2037,2054,-17,DL,705,N370NB,JFK,PIT,69,340,18,59,2013-04-13T22:00:00Z
2013,4,14,1656,1700,-4,1826,1830,-4,MQ,4410,N813MQ,JFK,DCA,50,213,17,0,2013-04-14T21:00:00Z
2013,4,15,721,725,-4,1057,1057,0,UA,390,N438UA,EWR,SFO,368,2565,7,25,2013-04-15T11:00:00Z
2013,4,15,753,759,-6,1049,1109,-20,AA,2267,N3FAAA,LGA,MIA,160,1096,7,59,2013-04-15T11:00:00Z
2013,4,15,913,850,23,1053,1025,28,MQ,4406,N813MQ,JFK,RDU,75,427,8,50,2013-04-15T12:00:00Z
2013,4,15,1330,1300,30,1501,1435,26,MQ,4404,N813MQ,JFK,RDU,71,427,13,0,2013-04-15T17:00:00Z
2013,4,15,1600,1600,0,1902,1925,-23,AA,1467,N3FAAA,LGA,MIA,147,1096,16,0,2013-04-15T20:00:00Z
2013,4,16,600,600,0,926,903,23,UA,987,N438UA,EWR,LAX,352,2454,6,0,2013-04-16T10:00:00Z
2013,4,16,644,650,-6,938,945,-7,AA,711,N3FAAA,LGA,DFW,200,1389,6,50,2013-04-16T10:00:00Z
2013,4,16,750,755,-5,859,910,-11,MQ,4418,N813MQ,JFK,DCA,42,213,7,55,2013-04-16T11:00:00Z
2013,4,16,1205,1155,10,1312,1310,2,MQ,4425,N813MQ,JFK,DCA,51,213,11,55,2013-04-16T15:00:00Z
2013,4,16,1756,1550,126,2035,1900,95,AA,763,N3FAAA,LGA,DFW,199,1389,15,50,2013-04-16T19:00:00Z
2013,4,16,NA,1345,NA,NA,1700,NA,AA,1073,N3FAAA,LGA,MIA,NA,1096,13,45,2013-04-16T17:00:00Z
2013,4,18,2100,1935,85,2359,2256,63,DL,1433,N370NB,LGA,RSW,153,1080,19,35,2013-04-18T23:00:00Z
2013,4,18,2132,1729,243,52,2022,270,UA,745,N438UA,EWR,IAH,209,1400,17,29,2013-04-18T21:00:00Z
2013,4,19,1314,1245,29,1518,1445,33,DL,1131,N370NB,LGA,DTW,85,502,12,45,2013-04-19T16:00:00Z
2013,4,21,624,625,-1,909,925,-16,WN,1794,N259WN,EWR,HOU,212,1411,6,25,2013-04-21T10:00:00Z
2013,4,21,629,615,14,836,810,26,US,1657,N703UW,JFK,CLT,89,541,6,15,2013-04-21T10:00:00Z
2013,4,21,1129,1135,-6,1454,1447,7,DL,1552,N370NB,LGA,RSW,167,1080,11,35,2013-04-21T15:00:00Z
2013,4,21,1855,1900,-5,2020,2043,-23,DL,975,N370NB,LGA,PIT,59,335,19,0,2013-04-21T23:00:00Z
2013,4,22,924,900,24,1333,1216,77,DL,515,N370NB,LGA,MIA,174,1096,9,0,2013-04-22T13:00:00Z
2013,4,22,1853,1900,-7,2051,2043,8,DL,975,N370NB,LGA,PIT,59,335,19,0,2013-04-22T23:00:00Z
2013,4,23,855,900,-5,1207,1216,-9,DL,515,N370NB,LGA,MIA,142,1096,9,0,2013-04-23T13:00:00Z
2013,4,24,1552,1548,4,1833,1820,13,DL,1705,N370NB,LGA,MSY,171,1183,15,48,2013-04-24T19:00:00Z
2013,4,25,1746,1730,16,1943,1919,24,US,449,N652AW,EWR,CLT,78,529,17,30,2013-04-25T21:00:00Z
2013,4,26,555,600,-5,646,701,-15,US,2114,N703UW,LGA,BOS,33,184,6,0,2013-04-26T10:00:00Z
2013,4,26,1240,1250,-10,1615,1540,35,AA,745,N3FAAA,LGA,DFW,208,1389,12,50,2013-04-26T16:00:00Z
2013,4,27,749,759,-10,1035,1109,-34,AA,2267,N3FAAA,LGA,MIA,144,1096,7,59,2013-04-27T11:00:00Z
2013,4,27,806,815,-9,954,1010,-16,US,675,N652AW,EWR,CLT,79,529,8,15,2013-04-27T12:00:00Z
2013,4,27,1340,1350,-10,1525,1607,-42,US,186,N652AW,EWR,PHX,268,2133,13,50,2013-04-27T17:00:00Z
2013,4,27,1554,1600,-6,1904,1925,-21,AA,1467,N3FAAA,LGA,MIA,147,1096,16,0,2013-04-27T20:00:00Z
2013,4,28,555,600,-5,835,850,-15,AA,707,N3FAAA,LGA,DFW,196,1389,6,0,2013-04-28T10:00:00Z
2013,4,28,627,630,-3,856,852,4,DL,575,N370NB,EWR,ATL,114,746,6,30,2013-04-28T10:00:00Z
2013,4,28,1351,1400,-9,1522,1513,9,US,2177,N703UW,LGA,DCA,43,214,14,0,2013-04-28T18:00:00Z
2013,4,28,1646,1630,16,1822,1851,-29,US,140,N652AW,EWR,PHX,257,2133,16,30,2013-04-28T20:00:00Z
2013,4,28,1753,1800,-7,1900,1915,-15,US,2185,N703UW,LGA,DCA,42,214,18,0,2013-04-28T22:00:00Z
2013,4,29,555,600,-5,651,701,-10,US,2114,N703UW,LGA,BOS,39,184,6,0,2013-04-29T10:00:00Z
2013,4,29,855,900,-5,1118,1127,-9,DL,485,N370NB,EWR,ATL,115,746,9,0,2013-04-29T13:00:00Z
2013,4,29,1732,1729,3,2006,2022,-16,UA,205,N438UA,EWR,IAH,184,1400,17,29,2013-04-29T21:00:00Z
2013,5,2,1139,1145,-6,1351,1400,-9,DL,401,N370NB,EWR,ATL,110,746,11,45,2013-05-02T15:00:00Z
2013,5,2,1810,1815,-5,2028,2043,-15,DL,926,N370NB,EWR,ATL,110,746,18,15,2013-05-02T22:00:00Z
2013,5,3,1057,1059,-2,1333,1340,-7,UA,259,N438UA,EWR,IAH,185,1400,10,59,2013-05-03T14:00:00Z
2013,5,6,1152,1200,-8,1324,1338,-14,UA,619,N438UA,LGA,ORD,104,733,12,0,2013-05-06T16:00:00Z
2013,5,8,2116,1930,106,2237,2117,80,DL,975,N370NB,LGA,PIT,52,335,19,30,2013-05-08T23:00:00Z
2013,5,9,856,900,-4,1220,1219,1,DL,923,N370NB,LGA,MIA,147,1096,9,0,2013-05-09T13:00:00Z
2013,5,9,1702,1645,17,1853,1851,2,DL,1473,N370NB,LGA,MEM,133,963,16,45,2013-05-09T20:00:00Z
2013,5,12,1545,1545,0,1802,1802,0,DL,1942,N370NB,EWR,ATL,113,746,15,45,2013-05-12T19:00:00Z
2013,5,12,1731,1735,-4,1924,1924,0,US,449,N652AW,EWR,CLT,95,529,17,35,2013-05-12T21:00:00Z
2013,5,13,1858,1905,-7,2049,2144,-55,DL,2457,N370NB,JFK,MSY,151,1182,19,5,2013-05-13T23:00:00Z
2013,5,14,1554,1555,-1,1758,1813,-15,DL,95,N370NB,JFK,DTW,89,509,15,55,2013-05-14T19:00:00Z
2013,5,15,555,600,-5,738,755,-17,EV,5592,N398CA,LGA,MEM,136,963,6,0,2013-05-15T10:00:00Z
2013,5,15,824,807,17,1057,1100,-3,UA,465,N438UA,EWR,DFW,193,1372,8,7,2013-05-15T12:00:00Z
2013,5,15,1436,1445,-9,1623,1651,-28,DL,1231,N370NB,LGA,DTW,78,502,14,45,2013-05-15T18:00:00Z
2013,5,15,1725,1725,0,2008,2040,-32,AA,145,N3FAAA,JFK,SAN,319,2446,17,25,2013-05-15T21:00:00Z
2013,5,15,1744,1728,16,2051,2055,-4,UA,318,N438UA,EWR,SAT,223,1569,17,28,2013-05-15T21:00:00Z
2013,5,15,1806,1735,31,1943,1924,19,US,449,N652AW,EWR,CLT,76,529,17,35,2013-05-15T21:00:00Z
2013,5,16,1006,1015,-9,1157,1212,-15,US,1427,N703UW,JFK,CLT,80,541,10,15,2013-05-16T14:00:00Z
2013,5,16,1726,1725,1,2027,2020,7,AA,1901,N3FAAA,JFK,IAH,204,1417,17,25,2013-05-16T21:00:00Z
2013,5,17,1935,1925,10,2116,2105,11,WN,3135,N259WN,LGA,MKE,114,738,19,25,2013-05-17T23:00:00Z
2013,5,17,1955,1929,26,2206,2155,11,EV,5181,N398CA,EWR,ATL,101,746,19,29,2013-05-17T23:00:00Z
2013,5,18,1625,1630,-5,1829,1856,-27,DL,1715,N370NB,LGA,MSY,155,1183,16,30,2013-05-18T20:00:00Z
2013,5,19,1714,1700,14,2039,2011,28,DL,706,N370NB,JFK,AUS,200,1521,17,0,2013-05-19T21:00:00Z
2013,5,19,NA,1915,NA,NA,2112,NA,EV,5168,N398CA,LGA,GSO,NA,461,19,15,2013-05-19T23:00:00Z
2013,5,19,NA,1100,NA,NA,1303,NA,EV,5596,N398CA,LGA,MEM,NA,963,11,0,2013-05-19T15:00:00Z
2013,5,20,954,900,54,1108,1042,26,EV,5025,N398CA,LGA,BTV,45,258,9,0,2013-05-20T13:00:00Z
2013,5,20,1334,1320,14,1527,1524,3,EV,5148,N398CA,LGA,CVG,88,585,13,20,2013-05-20T17:00:00Z
2013,5,20,1358,1359,-1,1605,1631,-26,DL,2043,N370NB,JFK,ATL,108,760,13,59,2013-05-20T17:00:00Z
2013,5,20,1855,1855,0,2029,2041,-12,EV,5562,N398CA,LGA,BGR,54,378,18,55,2013-05-20T22:00:00Z
2013,5,21,1625,1530,55,1802,1732,30,US,1899,N703UW,LGA,CLT,72,544,15,30,2013-05-21T19:00:00Z
2013,5,23,857,900,-3,1059,1042,17,EV,5025,N398CA,LGA,BTV,44,258,9,0,2013-05-23T13:00:00Z
2013,5,23,1755,1320,275,2137,1524,373,EV,5148,N398CA,LGA,CVG,96,585,13,20,2013-05-23T17:00:00Z
2013,5,24,946,930,16,1242,1240,2,WN,972,N259WN,EWR,AUS,203,1504,9,30,2013-05-24T13:00:00Z
2013,5,24,1716,1610,66,1833,1749,44,EV,4974,N398CA,LGA,BNA,102,764,16,10,2013-05-24T20:00:00Z
2013,5,24,2307,2225,42,11,2337,34,EV,5215,N398CA,LGA,SYR,38,198,22,25,2013-05-25T02:00:00Z
2013,5,25,612,615,-3,853,915,-22,AA,1895,N3FAAA,EWR,MIA,134,1085,6,15,2013-05-25T10:00:00Z
2013,5,25,925,930,-5,1105,1123,-18,EV,4882,N398CA,LGA,RDU,61,431,9,30,2013-05-25T13:00:00Z
2013,5,25,1143,1145,-2,1342,1400,-18,DL,401,N370NB,EWR,ATL,102,746,11,45,2013-05-25T15:00:00Z
2013,5,26,1757,1735,22,1923,1928,-5,US,449,N652AW,EWR,CLT,72,529,17,35,2013-05-26T21:00:00Z
2013,5,27,1357,1355,2,1631,1643,-12,UA,523,N438UA,EWR,PBI,138,1023,13,55,2013-05-27T17:00:00Z
2013,5,27,1639,1645,-6,1848,1850,-2,US,681,N652AW,EWR,PHX,288,2133,16,45,2013-05-27T20:00:00Z
2013,5,27,2100,1925,95,2339,2252,47,UA,781,N438UA,EWR,SAT,197,1569,19,25,2013-05-27T23:00:00Z
2013,5,29,709,710,-1,1005,1029,-24,UA,571,N438UA,EWR,SNA,323,2434,7,10,2013-05-29T11:00:00Z
2013,5,31,757,759,-2,922,931,-9,UA,279,N438UA,EWR,ORD,105,719,7,59,2013-05-31T11:00:00Z
2013,6,2,1235,1240,-5,1425,1434,-9,EV,5067,N398CA,EWR,DTW,86,488,12,40,2013-06-02T16:00:00Z
2013,6,3,1027,615,252,1215,818,237,EV,4901,N398CA,EWR,MSP,148,1008,6,15,2013-06-03T10:00:00Z
2013,6,3,1921,1610,191,2039,1749,170,EV,4974,N398CA,LGA,BNA,112,764,16,10,2013-06-03T20:00:00Z
2013,6,3,2317,2121,116,137,2359,98,UA,527,N438UA,EWR,IAH,183,1400,21,21,2013-06-04T01:00:00Z
2013,6,4,1518,1500,18,1753,1722,31,EV,4971,N398CA,LGA,CHS,92,641,15,0,2013-06-04T19:00:00Z
2013,6,4,1724,1729,-5,2023,2044,-21,AA,1999,N3FAAA,EWR,MIA,155,1085,17,29,2013-06-04T21:00:00Z
2013,6,4,1913,1905,8,2109,2144,-35,DL,2457,N370NB,JFK,MSY,152,1182,19,5,2013-06-04T23:00:00Z
2013,6,4,2046,2050,-4,2204,2229,-25,EV,5057,N398CA,LGA,RIC,46,292,20,50,2013-06-05T00:00:00Z
2013,6,4,NA,759,NA,NA,1020,NA,EV,4991,N398CA,LGA,MCI,NA,1107,7,59,2013-06-04T11:00:00Z
2013,6,5,1611,1610,1,1731,1749,-18,EV,4974,N398CA,LGA,BNA,105,764,16,10,2013-06-05T20:00:00Z
2013,6,5,2232,2225,7,2338,2337,1,EV,5215,N398CA,LGA,SYR,38,198,22,25,2013-06-06T02:00:00Z
2013,6,6,759,759,0,1007,1020,-13,EV,4991,N398CA,LGA,MCI,165,1107,7,59,2013-06-06T11:00:00Z
2013,6,6,1601,1607,-6,1741,1758,-17,EV,5486,N398CA,LGA,PIT,59,335,16,7,2013-06-06T20:00:00Z
2013,6,10,652,700,-8,836,807,29,US,2163,N703UW,LGA,DCA,71,214,7,0,2013-06-10T11:00:00Z
2013,6,10,1111,1100,11,1237,1213,24,US,2171,N703UW,LGA,DCA,46,214,11,0,2013-06-10T15:00:00Z
2013,6,10,1616,1600,16,1833,1721,72,US,2181,N703UW,LGA,DCA,49,214,16,0,2013-06-10T20:00:00Z
2013,6,10,2106,2000,66,2217,2116,61,US,2189,N703UW,LGA,DCA,45,214,20,0,2013-06-11T00:00:00Z
2013,6,14,1650,1655,-5,1914,1900,14,US,681,N652AW,EWR,PHX,280,2133,16,55,2013-06-14T20:00:00Z
2013,6,15,1626,1635,-9,1810,1830,-20,OO,4528,N913EV,EWR,DTW,81,488,16,35,2013-06-15T20:00:00Z
2013,6,15,1707,1710,-3,1942,2005,-23,AA,257,N5ELAA,JFK,LAS,308,2248,17,10,2013-06-15T21:00:00Z
2013,6,16,2107,1915,112,2324,2131,113,EV,5268,N398CA,LGA,CLT,79,544,19,15,2013-06-16T23:00:00Z
2013,6,17,905,909,-4,1114,1122,-8,EV,4952,N398CA,LGA,CLT,79,544,9,9,2013-06-17T13:00:00Z
2013,6,17,1500,1500,0,1649,1724,-35,EV,5599,N398CA,LGA,CHS,88,641,15,0,2013-06-17T19:00:00Z
2013,6,17,NA,2059,NA,NA,2307,NA,EV,5254,N398CA,LGA,DSM,NA,1031,20,59,2013-06-18T00:00:00Z
2013,6,18,853,900,-7,1005,1022,-17,US,2167,N703UW,LGA,DCA,40,214,9,0,2013-06-18T13:00:00Z
2013,6,18,1257,1300,-3,1435,1414,21,US,2175,N703UW,LGA,DCA,73,214,13,0,2013-06-18T17:00:00Z
2013,6,18,1802,1700,62,1953,1823,90,US,2183,N703UW,LGA,DCA,49,214,17,0,2013-06-18T21:00:00Z
2013,6,18,1831,1825,6,2006,2009,-3,EV,5207,N398CA,LGA,BGR,54,378,18,25,2013-06-18T22:00:00Z
2013,6,18,2220,2100,80,2316,2212,64,US,2191,N703UW,LGA,DCA,39,214,21,0,2013-06-19T01:00:00Z
2013,6,19,751,800,-9,914,913,1,US,2165,N703UW,LGA,DCA,49,214,8,0,2013-06-19T12:00:00Z
2013,6,19,756,802,-6,931,930,1,EV,4950,N398CA,LGA,BNA,118,764,8,2,2013-06-19T12:00:00Z
2013,6,19,1209,1200,9,1407,1314,53,US,2173,N703UW,LGA,DCA,48,214,12,0,2013-06-19T16:00:00Z
2013,6,19,1450,1454,-4,1717,1710,7,EV,4978,N398CA,LGA,CLT,81,544,14,54,2013-06-19T18:00:00Z
2013,6,19,1629,1600,29,1753,1721,32,US,2181,N703UW,LGA,DCA,42,214,16,0,2013-06-19T20:00:00Z
2013,6,19,2009,2000,9,2131,2116,15,US,2189,N703UW,LGA,DCA,41,214,20,0,2013-06-20T00:00:00Z
2013,6,20,1041,1045,-4,1208,1241,-33,EV,5033,N398CA,LGA,MEM,131,963,10,45,2013-06-20T14:00:00Z
2013,6,21,901,900,1,1116,1120,-4,DL,485,N370NB,EWR,ATL,101,746,9,0,2013-06-21T13:00:00Z
2013,6,21,1041,1038,3,1306,1330,-24,UA,697,N438UA,LGA,IAH,177,1416,10,38,2013-06-21T14:00:00Z
2013,6,21,1602,1605,-3,1719,1740,-21,AA,1750,N3FAAA,JFK,BOS,32,187,16,5,2013-06-21T20:00:00Z
2013,6,21,1902,1910,-8,2030,2056,-26,EV,5038,N398CA,LGA,BHM,118,866,19,10,2013-06-21T23:00:00Z
2013,6,22,1214,1215,-1,1352,1427,-35,EV,5161,N398CA,LGA,CLT,75,544,12,15,2013-06-22T16:00:00Z
2013,6,22,1832,1830,2,2039,2041,-2,EV,5008,N398CA,LGA,DTW,79,502,18,30,2013-06-22T22:00:00Z
2013,6,23,734,735,-1,949,1005,-16,AA,1949,N3FAAA,JFK,LAS,290,2248,7,35,2013-06-23T11:00:00Z
2013,6,23,1049,1025,24,1247,1222,25,US,604,N652AW,EWR,PHX,279,2133,10,25,2013-06-23T14:00:00Z
2013,6,24,1256,1300,-4,1512,1552,-40,UA,574,N438UA,LGA,IAH,183,1416,13,0,2013-06-24T17:00:00Z
2013,6,25,1513,1454,19,1836,1710,86,EV,4978,N398CA,LGA,CLT,81,544,14,54,2013-06-25T18:00:00Z
2013,6,26,837,845,-8,1033,1044,-11,US,1429,N703UW,LGA,CLT,88,544,8,45,2013-06-26T12:00:00Z
2013,6,26,1908,1825,43,2051,2009,42,EV,5207,N398CA,LGA,BGR,56,378,18,25,2013-06-26T22:00:00Z
2013,6,27,818,820,-2,1016,1043,-27,EV,5537,N398CA,LGA,MCI,151,1107,8,20,2013-06-27T12:00:00Z
2013,6,27,1614,1600,14,1858,1747,71,EV,5091,N398CA,LGA,PIT,57,335,16,0,2013-06-27T20:00:00Z
2013,6,27,2326,2125,121,133,2359,94,UA,261,N438UA,EWR,IAH,172,1400,21,25,2013-06-28T01:00:00Z
2013,6,28,1023,1025,-2,1222,1222,0,US,604,N652AW,EWR,PHX,279,2133,10,25,2013-06-28T14:00:00Z
2013,6,29,1022,1025,-3,1209,1222,-13,US,604,N652AW,EWR,PHX,271,2133,10,25,2013-06-29T14:00:00Z
2013,7,2,717,700,17,811,821,-10,UA,740,N438UA,EWR,BOS,39,200,7,0,2013-07-02T11:00:00Z
2013,7,2,853,855,-2,1218,1205,13,AA,647,N5ELAA,JFK,MIA,153,1089,8,55,2013-07-02T12:00:00Z
2013,7,2,1826,1710,76,2100,2005,55,AA,257,N5ELAA,JFK,LAS,279,2248,17,10,2013-07-02T21:00:00Z
2013,7,2,NA,540,NA,NA,840,NA,AA,701,N5ELAA,JFK,MIA,NA,1089,5,40,2013-07-02T09:00:00Z
2013,7,3,1708,1710,-2,1925,2005,-40,AA,257,N5ELAA,JFK,LAS,276,2248,17,10,2013-07-03T21:00:00Z
2013,7,4,1716,1710,6,1931,2005,-34,AA,257,N5ELAA,JFK,LAS,283,2248,17,10,2013-07-04T21:00:00Z
2013,7,5,1020,1015,5,1205,1207,-2,US,1444,N703UW,JFK,CLT,77,541,10,15,2013-07-05T14:00:00Z
2013,7,6,600,600,0,726,735,-9,WN,2269,N259WN,LGA,STL,126,888,6,0,2013-07-06T10:00:00Z
2013,7,6,1537,1540,-3,1726,1750,-24,WN,2269,N259WN,EWR,DEN,207,1605,15,40,2013-07-06T19:00:00Z
2013,7,7,559,605,-6,735,749,-14,DL,1279,N370NB,LGA,MEM,134,963,6,5,2013-07-07T10:00:00Z
2013,7,7,741,745,-4,850,905,-15,WN,3841,N259WN,EWR,MDW,101,711,7,45,2013-07-07T11:00:00Z
2013,7,10,604,615,-11,910,910,0,AA,1895,N3FAAA,EWR,MIA,151,1085,6,15,2013-07-10T10:00:00Z
2013,7,10,633,638,-5,845,914,-29,UA,226,N438UA,EWR,IAH,172,1400,6,38,2013-07-10T10:00:00Z
2013,7,10,2113,2000,73,2346,2244,62,UA,288,N438UA,EWR,IAH,174,1400,20,0,2013-07-11T00:00:00Z
2013,7,12,652,655,-3,752,815,-23,WN,428,N259WN,LGA,MKE,102,738,6,55,2013-07-12T10:00:00Z
2013,7,14,1611,1610,1,1748,1810,-22,EV,5461,N398CA,LGA,RDU,67,431,16,10,2013-07-14T20:00:00Z
2013,7,15,555,600,-5,811,830,-19,AA,707,N3FAAA,LGA,DFW,176,1389,6,0,2013-07-15T10:00:00Z
2013,7,15,1438,1445,-7,1730,1740,-10,AA,759,N3FAAA,LGA,DFW,176,1389,14,45,2013-07-15T18:00:00Z
2013,7,16,553,600,-7,733,751,-18,EV,5068,N398CA,EWR,DTW,74,488,6,0,2013-07-16T10:00:00Z
2013,7,16,558,605,-7,853,905,-12,AA,1837,N3FAAA,LGA,MIA,146,1096,6,5,2013-07-16T10:00:00Z
2013,7,16,1030,1015,15,1212,1207,5,US,1444,N703UW,JFK,CLT,76,541,10,15,2013-07-16T14:00:00Z
2013,7,16,1342,1340,2,1707,1700,7,AA,1073,N3FAAA,LGA,MIA,145,1096,13,40,2013-07-16T17:00:00Z
2013,7,16,1754,1635,79,1938,1833,65,EV,5509,N398CA,EWR,DTW,70,488,16,35,2013-07-16T20:00:00Z
2013,7,17,759,800,-1,1000,1016,-16,DL,2457,N370NB,LGA,MSY,150,1183,8,0,2013-07-17T12:00:00Z
2013,7,17,820,820,0,1115,1135,-20,AA,2267,N3FAAA,LGA,MIA,146,1096,8,20,2013-07-17T12:00:00Z
2013,7,17,1617,1620,-3,1946,1945,1,AA,1467,N3FAAA,LGA,MIA,146,1096,16,20,2013-07-17T20:00:00Z
2013,7,18,615,600,15,842,830,12,AA,707,N3FAAA,LGA,DFW,169,1389,6,0,2013-07-18T10:00:00Z
2013,7,18,1443,1445,-2,1710,1740,-30,AA,759,N3FAAA,LGA,DFW,185,1389,14,45,2013-07-18T18:00:00Z
2013,7,18,1549,1545,4,1801,1814,-13,DL,1705,N370NB,LGA,MSY,147,1183,15,45,2013-07-18T19:00:00Z
2013,7,19,702,705,-3,1003,1015,-12,AA,2279,N3FAAA,LGA,MIA,152,1096,7,5,2013-07-19T11:00:00Z
2013,7,19,856,905,-9,1206,1225,-19,DL,874,N370NB,LGA,MIA,142,1096,9,5,2013-07-19T13:00:00Z
2013,7,19,1449,1455,-6,1742,1830,-48,AA,779,N3FAAA,LGA,MIA,148,1096,14,55,2013-07-19T18:00:00Z
2013,7,19,1503,1454,9,1700,1710,-10,EV,4978,N398CA,LGA,CLT,78,544,14,54,2013-07-19T18:00:00Z
2013,7,19,1825,1830,-5,2009,2038,-29,DL,2131,N370NB,LGA,DTW,84,502,18,30,2013-07-19T22:00:00Z
2013,7,19,2038,2030,8,2201,2211,-10,EV,5048,N398CA,LGA,RIC,47,292,20,30,2013-07-20T00:00:00Z
2013,7,20,606,610,-4,756,806,-10,DL,1919,N370NB,LGA,MSP,150,1020,6,10,2013-07-20T10:00:00Z
2013,7,21,751,745,6,952,959,-7,DL,807,N370NB,EWR,ATL,102,746,7,45,2013-07-21T11:00:00Z
2013,7,21,1123,1125,-2,1417,1440,-23,AA,2099,N3FAAA,LGA,MIA,147,1096,11,25,2013-07-21T15:00:00Z
2013,7,21,1306,1305,1,1430,1425,5,WN,165,N259WN,EWR,BNA,118,748,13,5,2013-07-21T17:00:00Z
2013,7,21,1854,1610,164,2043,1810,153,EV,5461,N398CA,LGA,RDU,68,431,16,10,2013-07-21T20:00:00Z
2013,7,21,1954,2000,-6,2247,2315,-28,AA,1709,N3FAAA,LGA,MIA,138,1096,20,0,2013-07-22T00:00:00Z
2013,7,21,2100,2055,5,2229,2230,-1,WN,579,N259WN,LGA,MDW,112,725,20,55,2013-07-22T00:00:00Z
2013,7,23,1848,1705,103,2130,2020,70,AA,1999,N3FAAA,EWR,MIA,140,1085,17,5,2013-07-23T21:00:00Z
2013,7,24,656,659,-3,800,820,-20,UA,751,N438UA,EWR,BOS,42,200,6,59,2013-07-24T10:00:00Z
2013,7,24,856,900,-4,1126,1120,6,DL,485,N370NB,EWR,ATL,105,746,9,0,2013-07-24T13:00:00Z
2013,7,25,1045,1040,5,1230,1240,-10,EV,5299,N398CA,LGA,MEM,133,963,10,40,2013-07-25T14:00:00Z
2013,7,26,623,600,23,800,752,8,DL,731,N370NB,LGA,DTW,74,502,6,0,2013-07-26T10:00:00Z
2013,7,26,700,655,5,914,906,8,US,71,N652AW,EWR,PHX,274,2133,6,55,2013-07-26T10:00:00Z
2013,7,26,1024,1015,9,1213,1207,6,US,1444,N703UW,JFK,CLT,78,541,10,15,2013-07-26T14:00:00Z
2013,7,26,1911,1910,1,2047,2056,-9,EV,5038,N398CA,LGA,BHM,114,866,19,10,2013-07-26T23:00:00Z
2013,7,27,1700,1700,0,1819,1837,-18,EV,5432,N398CA,LGA,BNA,114,764,17,0,2013-07-27T21:00:00Z
2013,7,28,1554,1548,6,1840,1817,23,DL,1705,N370NB,LGA,MSY,169,1183,15,48,2013-07-28T19:00:00Z
2013,7,29,742,605,97,924,749,95,DL,1279,N370NB,LGA,MEM,134,963,6,5,2013-07-29T10:00:00Z
2013,7,30,555,600,-5,735,751,-16,EV,5068,N398CA,EWR,DTW,80,488,6,0,2013-07-30T10:00:00Z
2013,7,30,1353,1359,-6,1557,1556,1,US,688,N652AW,EWR,PHX,286,2133,13,59,2013-07-30T17:00:00Z
2013,8,1,1108,1115,-7,1314,1254,20,EV,5273,N398CA,LGA,PIT,60,335,11,15,2013-08-01T15:00:00Z
2013,8,1,1245,1245,0,1552,1550,2,AA,2041,N5ELAA,JFK,MIA,154,1089,12,45,2013-08-01T16:00:00Z
2013,8,1,1636,1610,26,1815,1810,5,EV,5461,N398CA,LGA,RDU,69,431,16,10,2013-08-01T20:00:00Z
2013,8,5,1911,1915,-4,2110,2131,-21,EV,5268,N398CA,LGA,CLT,82,544,19,15,2013-08-05T23:00:00Z
2013,8,6,911,920,-9,1129,1133,-4,EV,4952,N398CA,LGA,CLT,79,544,9,20,2013-08-06T13:00:00Z
2013,8,6,949,940,9,1117,1110,7,WN,1098,N259WN,LGA,MKE,112,738,9,40,2013-08-06T13:00:00Z
2013,8,6,1447,1454,-7,1632,1710,-38,EV,4978,N398CA,LGA,CLT,77,544,14,54,2013-08-06T18:00:00Z
2013,8,6,2025,2030,-5,2129,2211,-42,EV,5048,N398CA,LGA,RIC,46,292,20,30,2013-08-07T00:00:00Z
2013,8,8,1535,1445,50,1743,1615,88,UA,294,N438UA,EWR,CLE,71,404,14,45,2013-08-08T18:00:00Z
2013,8,8,1646,1625,21,1818,1808,10,DL,402,N370NB,JFK,BOS,42,187,16,25,2013-08-08T20:00:00Z
2013,8,8,2120,2000,80,29,2244,105,UA,462,N438UA,EWR,IAH,183,1400,20,0,2013-08-09T00:00:00Z
2013,8,8,2312,2145,87,47,2316,91,DL,985,N370NB,JFK,BOS,36,187,21,45,2013-08-09T01:00:00Z
2013,8,9,841,843,-2,1033,1044,-11,US,2071,N703UW,LGA,CLT,80,544,8,43,2013-08-09T12:00:00Z
2013,8,9,1549,1545,4,1803,1814,-11,DL,1705,N370NB,LGA,MSY,154,1183,15,45,2013-08-09T19:00:00Z
2013,8,10,940,945,-5,1136,1209,-33,DL,2457,N370NB,LGA,MSY,155,1183,9,45,2013-08-10T13:00:00Z
2013,8,10,1250,1245,5,1551,1550,1,AA,2041,N5ELAA,JFK,MIA,145,1089,12,45,2013-08-10T16:00:00Z
2013,8,10,1308,1130,98,1416,1256,80,EV,4974,N398CA,LGA,BTV,41,258,11,30,2013-08-10T15:00:00Z
2013,8,10,1639,1605,34,1826,1804,22,EV,4949,N398CA,LGA,GSO,66,461,16,5,2013-08-10T20:00:00Z
2013,8,10,1800,1805,-5,1904,1932,-28,DL,2383,N370NB,LGA,PWM,46,269,18,5,2013-08-10T22:00:00Z
2013,8,11,842,850,-8,939,1017,-38,EV,5132,N398CA,LGA,SYR,41,198,8,50,2013-08-11T12:00:00Z
2013,8,11,910,905,5,1207,1225,-18,DL,874,N370NB,LGA,MIA,147,1096,9,5,2013-08-11T13:00:00Z
2013,8,11,1245,1248,-3,1355,1425,-30,EV,5601,N398CA,LGA,RIC,50,292,12,48,2013-08-11T16:00:00Z
2013,8,11,1358,1359,-1,1607,1556,11,US,686,N652AW,EWR,PHX,294,2133,13,59,2013-08-11T17:00:00Z
2013,8,11,1646,1650,-4,1905,1859,6,DL,1473,N370NB,LGA,MEM,139,963,16,50,2013-08-11T20:00:00Z
2013,8,11,1707,1715,-8,1925,1910,15,EV,4990,N398CA,LGA,RDU,65,431,17,15,2013-08-11T21:00:00Z
2013,8,11,2213,2220,-7,2348,2335,13,EV,5169,N398CA,LGA,BTV,68,258,22,20,2013-08-12T02:00:00Z
2013,8,12,847,820,27,1145,1043,62,EV,4998,N398CA,LGA,MCI,163,1107,8,20,2013-08-12T12:00:00Z
2013,8,12,1645,1600,45,1925,1747,98,EV,5091,N398CA,LGA,PIT,65,335,16,0,2013-08-12T20:00:00Z
2013,8,13,654,655,-1,926,906,20,US,433,N652AW,EWR,PHX,299,2133,6,55,2013-08-13T10:00:00Z
2013,8,13,856,900,-4,1054,1026,28,UA,562,N438UA,EWR,ORD,114,719,9,0,2013-08-13T13:00:00Z
2013,8,15,610,620,-10,809,817,-8,EV,4963,N398CA,EWR,MSP,142,1008,6,20,2013-08-15T10:00:00Z
2013,8,15,750,800,-10,1007,1016,-9,DL,2457,N370NB,LGA,MSY,165,1183,8,0,2013-08-15T12:00:00Z
2013,8,15,1815,1825,-10,2029,2032,-3,DL,1715,N370NB,LGA,MSY,165,1183,18,25,2013-08-15T22:00:00Z
2013,8,15,1827,1830,-3,2150,2145,5,AA,119,N3FAAA,EWR,LAX,317,2454,18,30,2013-08-15T22:00:00Z
2013,8,15,1923,1905,18,2022,2025,-3,WN,381,N259WN,LGA,MKE,103,738,19,5,2013-08-15T23:00:00Z
2013,8,16,922,900,22,1130,1126,4,EV,5109,N398CA,LGA,CHS,97,641,9,0,2013-08-16T13:00:00Z
2013,8,16,1334,903,271,1531,1146,225,UA,673,N438UA,EWR,LAS,271,2227,9,3,2013-08-16T13:00:00Z
2013,8,16,1436,1155,161,1536,1323,133,EV,4974,N398CA,LGA,BTV,40,258,11,55,2013-08-16T15:00:00Z
2013,8,16,1813,1500,193,2016,1724,172,EV,5199,N398CA,LGA,CHS,102,641,15,0,2013-08-16T19:00:00Z
2013,8,17,722,730,-8,907,943,-36,EV,5144,N398CA,LGA,TVC,90,655,7,30,2013-08-17T11:00:00Z
2013,8,17,1550,1545,5,1814,1804,10,EV,5058,N398CA,EWR,ATL,116,746,15,45,2013-08-17T19:00:00Z
2013,8,18,1740,1745,-5,2047,2110,-23,AA,1611,N3FAAA,LGA,MIA,152,1096,17,45,2013-08-18T21:00:00Z
2013,8,19,1732,1733,-1,2008,2034,-26,UA,288,N438UA,EWR,SEA,314,2402,17,33,2013-08-19T21:00:00Z
2013,8,20,932,935,-3,1214,1240,-26,WN,4381,N259WN,EWR,AUS,204,1504,9,35,2013-08-20T13:00:00Z
2013,8,21,738,740,-2,900,909,-9,UA,759,N438UA,EWR,ORD,102,719,7,40,2013-08-21T11:00:00Z
2013,8,24,556,600,-4,732,752,-20,DL,731,N370NB,LGA,DTW,77,502,6,0,2013-08-24T10:00:00Z
2013,8,24,1717,1720,-3,1851,1925,-34,DL,2331,N370NB,LGA,DTW,75,502,17,20,2013-08-24T21:00:00Z
2013,8,25,537,540,-3,822,840,-18,AA,701,N5ELAA,JFK,MIA,144,1089,5,40,2013-08-25T09:00:00Z
2013,8,27,1017,909,68,1228,1155,33,UA,333,N438UA,EWR,IAH,163,1400,9,9,2013-08-27T13:00:00Z
2013,8,27,1143,1110,33,1439,1430,9,AA,1153,N3FAAA,LGA,MIA,136,1096,11,10,2013-08-27T15:00:00Z
2013,8,27,1905,1910,-5,2144,2210,-26,AA,793,N3FAAA,LGA,DFW,169,1389,19,10,2013-08-27T23:00:00Z
2013,8,29,1643,1645,-2,1825,1841,-16,DL,842,N370NB,EWR,DTW,77,488,16,45,2013-08-29T20:00:00Z
2013,8,29,1643,1610,33,1829,1810,19,EV,5069,N398CA,LGA,RDU,68,431,16,10,2013-08-29T20:00:00Z
2013,8,29,1812,1800,12,1926,1920,6,WN,441,N259WN,EWR,MDW,97,711,18,0,2013-08-29T22:00:00Z
2013,8,31,556,600,-4,731,752,-21,DL,731,N370NB,LGA,DTW,73,502,6,0,2013-08-31T10:00:00Z
2013,8,31,1009,1014,-5,1158,1208,-10,US,2073,N703UW,JFK,CLT,81,541,10,14,2013-08-31T14:00:00Z
2013,8,31,1232,1236,-4,1410,1431,-21,EV,5085,N398CA,EWR,DTW,75,488,12,36,2013-08-31T16:00:00Z
2013,9,2,1228,1230,-2,1550,1558,-8,DL,2098,N370NB,LGA,MIA,155,1096,12,30,2013-09-02T16:00:00Z
2013,9,3,558,600,-2,735,749,-14,DL,731,N370NB,LGA,DTW,74,502,6,0,2013-09-03T10:00:00Z
2013,9,3,1245,1250,-5,1411,1425,-14,EV,5383,N398CA,LGA,RIC,54,292,12,50,2013-09-03T16:00:00Z
2013,9,3,1640,1552,48,1811,1736,35,EV,5091,N398CA,LGA,PIT,54,335,15,52,2013-09-03T19:00:00Z
2013,9,5,857,900,-3,1059,1119,-20,DL,485,N370NB,EWR,ATL,99,746,9,0,2013-09-05T13:00:00Z
2013,9,5,1545,1545,0,1753,1805,-12,DL,1942,N370NB,EWR,ATL,101,746,15,45,2013-09-05T19:00:00Z
2013,9,6,643,648,-5,921,955,-34,UA,382,N438UA,EWR,SEA,312,2402,6,48,2013-09-06T10:00:00Z
2013,9,6,1054,1100,-6,1228,1245,-17,EV,5514,N398CA,EWR,DTW,77,488,11,0,2013-09-06T15:00:00Z
2013,9,7,544,545,-1,844,855,-11,AA,2243,N5ELAA,JFK,MIA,157,1089,5,45,2013-09-07T09:00:00Z
2013,9,8,2109,2030,39,2312,2251,21,EV,5209,N398CA,LGA,CHS,81,641,20,30,2013-09-09T00:00:00Z
2013,9,10,1826,1815,11,2106,2041,25,DL,926,N370NB,EWR,ATL,102,746,18,15,2013-09-10T22:00:00Z
2013,9,11,1656,1700,-4,1951,1955,-4,AA,211,N3FAAA,JFK,IAH,183,1417,17,0,2013-09-11T21:00:00Z
2013,9,11,1731,1625,66,1952,1844,68,EV,5601,N398CA,LGA,CLT,97,544,16,25,2013-09-11T20:00:00Z
2013,9,11,1827,1800,27,2030,1920,70,WN,441,N259WN,EWR,MDW,110,711,18,0,2013-09-11T22:00:00Z
2013,9,11,2349,2205,104,102,2331,91,EV,5311,N398CA,LGA,BGR,52,378,22,5,2013-09-12T02:00:00Z
2013,9,12,1346,1204,102,1556,1423,93,UA,998,N438UA,EWR,PHX,276,2133,12,4,2013-09-12T16:00:00Z
2013,9,13,1144,1145,-1,1430,1450,-20,AA,1623,N3FAAA,EWR,MIA,149,1085,11,45,2013-09-13T15:00:00Z
2013,9,14,1008,940,28,1206,1145,21,EV,5269,N398CA,LGA,ILM,79,500,9,40,2013-09-14T13:00:00Z
2013,9,14,1156,1200,-4,1250,1310,-20,DL,1597,N370NB,JFK,BOS,34,187,12,0,2013-09-14T16:00:00Z
2013,9,14,1612,1618,-6,1721,1801,-40,EV,4977,N398CA,LGA,BNA,101,764,16,18,2013-09-14T20:00:00Z
2013,9,14,1623,1625,-2,1734,1750,-16,DL,402,N370NB,JFK,BOS,38,187,16,25,2013-09-14T20:00:00Z
2013,9,14,2041,2045,-4,2141,2200,-19,DL,985,N370NB,JFK,BOS,37,187,20,45,2013-09-15T00:00:00Z
2013,9,16,1121,1128,-7,1241,1304,-23,EV,5329,N398CA,LGA,PIT,56,335,11,28,2013-09-16T15:00:00Z
2013,9,16,2051,2059,-8,2216,2232,-16,EV,5048,N398CA,LGA,RIC,50,292,20,59,2013-09-17T00:00:00Z
2013,9,17,836,845,-9,1006,1022,-16,EV,5220,N398CA,LGA,ROC,43,254,8,45,2013-09-17T12:00:00Z
2013,9,17,1343,1315,28,1537,1516,21,EV,5615,N398CA,LGA,CMH,73,479,13,15,2013-09-17T17:00:00Z
2013,9,17,1859,1905,-6,2006,2033,-27,EV,5383,N398CA,LGA,ROC,41,254,19,5,2013-09-17T23:00:00Z
2013,9,18,839,840,-1,1014,1020,-6,MQ,3531,N813MQ,LGA,RDU,75,431,8,40,2013-09-18T12:00:00Z
2013,9,18,1253,1300,-7,1429,1450,-21,MQ,3388,N813MQ,LGA,CMH,74,479,13,0,2013-09-18T17:00:00Z
2013,9,18,1628,1550,38,1738,1728,10,EV,5293,N398CA,LGA,ORF,48,296,15,50,2013-09-18T19:00:00Z
2013,9,18,1720,1204,316,1923,1423,300,UA,998,N438UA,EWR,PHX,272,2133,12,4,2013-09-18T16:00:00Z
2013,9,18,1944,1950,-6,2132,2140,-8,MQ,3573,N813MQ,LGA,CMH,76,479,19,50,2013-09-18T23:00:00Z
2013,9,18,2057,2030,27,2241,2251,-10,EV,5209,N398CA,LGA,CHS,84,641,20,30,2013-09-19T00:00:00Z
2013,9,19,715,710,5,932,957,-25,UA,289,N438UA,EWR,MCO,120,937,7,10,2013-09-19T11:00:00Z
2013,9,19,1220,1205,15,1358,1350,8,MQ,3404,N813MQ,LGA,RDU,65,431,12,5,2013-09-19T16:00:00Z
2013,9,19,1429,1425,4,1647,1701,-14,UA,833,N438UA,EWR,LAS,295,2227,14,25,2013-09-19T18:00:00Z
2013,9,19,1909,1900,9,2037,2040,-3,MQ,3591,N813MQ,LGA,RDU,67,431,19,0,2013-09-19T23:00:00Z
2013,9,20,1110,1115,-5,1338,1420,-42,DL,1875,N370NB,LGA,TPA,126,1010,11,15,2013-09-20T15:00:00Z
2013,9,20,1820,1825,-5,2105,2137,-32,DL,1854,N370NB,LGA,FLL,133,1076,18,25,2013-09-20T22:00:00Z
2013,9,21,1102,1105,-3,1347,1416,-29,DL,2098,N370NB,LGA,MIA,136,1096,11,5,2013-09-21T15:00:00Z
2013,9,22,657,700,-3,936,945,-9,DL,2285,N370NB,LGA,MCO,134,950,7,0,2013-09-22T11:00:00Z
2013,9,22,1342,1345,-3,1651,1702,-11,DL,476,N370NB,LGA,MIA,150,1096,13,45,2013-09-22T17:00:00Z
2013,9,23,914,912,2,1228,1233,-5,DL,874,N370NB,LGA,MIA,142,1096,9,12,2013-09-23T13:00:00Z
2013,9,23,949,950,-1,1247,1310,-23,AA,1160,N3FAAA,LGA,MIA,140,1096,9,50,2013-09-23T13:00:00Z
2013,9,23,1447,1455,-8,1627,1640,-13,MQ,3359,N813MQ,JFK,RDU,73,427,14,55,2013-09-23T18:00:00Z
2013,9,23,1704,1645,19,1920,1915,5,DL,884,N370NB,LGA,DEN,211,1620,16,45,2013-09-23T20:00:00Z
2013,9,23,1814,1755,19,2056,2055,1,AA,1185,N3FAAA,LGA,DFW,184,1389,17,55,2013-09-23T21:00:00Z
2013,9,23,1934,1940,-6,2107,2125,-18,MQ,3374,N813MQ,JFK,RDU,65,427,19,40,2013-09-23T23:00:00Z
2013,9,24,750,755,-5,934,935,-1,MQ,3363,N813MQ,JFK,RDU,69,427,7,55,2013-09-24T11:00:00Z
2013,9,24,1025,1029,-4,1225,1239,-14,US,604,N652AW,EWR,PHX,275,2133,10,29,2013-09-24T14:00:00Z
2013,9,24,1155,1159,-4,1315,1309,6,MQ,3386,N813MQ,JFK,DCA,54,213,11,59,2013-09-24T15:00:00Z
2013,9,24,1857,1905,-8,2017,2033,-16,EV,5383,N398CA,LGA,ROC,41,254,19,5,2013-09-24T23:00:00Z
2013,9,24,NA,1220,NA,NA,1355,NA,MQ,3361,N813MQ,JFK,RDU,NA,427,12,20,2013-09-24T16:00:00Z
2013,9,25,1944,1935,9,2238,2250,-12,AA,2437,N3FAAA,LGA,MIA,152,1096,19,35,2013-09-25T23:00:00Z
2013,9,26,837,845,-8,1000,1022,-22,EV,5220,N398CA,LGA,ROC,41,254,8,45,2013-09-26T12:00:00Z
2013,9,26,1305,1305,0,1530,1517,13,EV,5283,N398CA,LGA,CVG,87,585,13,5,2013-09-26T17:00:00Z
2013,9,26,1448,1455,-7,1637,1640,-3,MQ,3359,N813MQ,JFK,RDU,79,427,14,55,2013-09-26T18:00:00Z
2013,9,26,1651,1700,-9,1944,1952,-8,DL,1585,N370NB,LGA,MCO,123,950,17,0,2013-09-26T21:00:00Z
2013,9,26,1841,1842,-1,2020,2019,1,EV,5274,N398CA,LGA,BNA,99,764,18,42,2013-09-26T22:00:00Z
2013,9,26,1935,1940,-5,2103,2125,-22,MQ,3374,N813MQ,JFK,RDU,68,427,19,40,2013-09-26T23:00:00Z
2013,9,27,1106,840,146,1243,1023,140,EV,4941,N398CA,LGA,ORF,46,296,8,40,2013-09-27T12:00:00Z
2013,9,27,1658,1704,-6,1936,1958,-22,UA,525,N438UA,LGA,IAH,181,1416,17,4,2013-09-27T21:00:00Z
2013,9,27,1713,1350,203,1838,1531,187,EV,5465,N398CA,LGA,MSN,111,812,13,50,2013-09-27T17:00:00Z
2013,9,27,1859,1905,-6,2030,2101,-31,DL,1473,N370NB,LGA,MEM,121,963,19,5,2013-09-27T23:00:00Z
2013,9,28,749,755,-6,909,935,-26,MQ,3363,N813MQ,JFK,RDU,64,427,7,55,2013-09-28T11:00:00Z
2013,9,28,811,815,-4,1032,1106,-34,UA,210,N438UA,EWR,TPA,121,997,8,15,2013-09-28T12:00:00Z
2013,9,28,1214,1220,-6,1338,1355,-17,MQ,3361,N813MQ,JFK,RDU,67,427,12,20,2013-09-28T16:00:00Z
2013,9,28,1755,1759,-4,2015,2058,-43,UA,247,N438UA,EWR,PBI,125,1023,17,59,2013-09-28T21:00:00Z
2013,9,29,1300,1305,-5,1532,1610,-38,UA,482,N438UA,EWR,FLL,126,1065,13,5,2013-09-29T17:00:00Z
2013,9,29,2103,2051,12,2326,2340,-14,UA,475,N438UA,EWR,IAH,183,1400,20,51,2013-09-30T00:00:00Z
